Book Id,Title,Author,Author l-f,Additional Authors,ISBN,ISBN13,My Rating,Average Rating,Publisher,Binding,Number of Pages,Year Published,Original Publication Year,Date Read,Date Added,Bookshelves,Bookshelves with positions,Exclusive Shelf,My Review,Spoiler,Private Notes,Read Count,Owned Copies
63103712,"The Only Purple House in Town (Fix-It Witches, #4)",Ann Aguirre,"Aguirre, Ann",,"=""1728262496""","=""9781728262499""",0,3.47,Sourcebooks Casablanca,Paperback,368,2023,2023,,2023/10/31,currently-reading,currently-reading (#5),currently-reading,,,,1,0
199334767,Same Time Next Year,Tessa Bailey,"Bailey, Tessa",,"=""1662517912""","=""9781662517914""",4,3.60,Amazon Original Stories,Kindle Edition,144,2023,2023,2023/12/13,2023/11/26,,,read,,,,1,0
53711756,When Harry Met Harry,Sydney Smyth,"Smyth, Sydney","Teddy Hamilton, Malcolm Young","=""""","=""""",3,3.51,Audible Originals,Audible Audio,9,2020,2020,2023/12/12,2023/11/26,,,read,This book makes me realize how problematic part of When Harry Met Sally are. Teddy Hamilton was the reason I finished it.,,,1,0
137231760,King of Storms and Feathers: A Dark Fae Fantasy Romance,Juno Heart,"Heart, Juno",,"=""""","=""9780645624267""",0,3.61,,Kindle Edition,421,2023,2023,,2023/12/11,to-read,to-read (#207),to-read,,,,0,0
40120621,From Lukov with Love,Mariana Zapata,"Zapata, Mariana","Callie Dalton, Teddy Hamilton","=""""","=""""",0,4.25,,Audible Audio,15,2018,2018,,2023/12/11,to-read,to-read (#206),to-read,,,,0,0
61150440,"A Fire in the Flesh (Flesh and Fire, #3)",Jennifer L. Armentrout,"Armentrout, Jennifer L.",,"=""1957568496""","=""""",4,4.12,Blue Box Press,Kindle Edition,632,2023,2023,2023/12/11,2023/11/28,,,read,The story in this one was really good but about 200 pages could have been removed because it was just Sera internally monologuing the same things over and over again. Not sure where the doctors were on this one.,,,1,0
199523170,Won't You Fly Away With Me?,Garrett Curbow,"Curbow, Garrett",,"=""""","=""""",0,5.00,,,,,,,2023/12/10,to-read,to-read (#205),to-read,,,,0,0
60856468,Sinful Vows (Messina Crime Family #1),Lilian Harris,"Harris, Lilian",,"=""""","=""""",5,4.05,,Kindle Edition,466,2023,,2023/12/08,2023/12/07,,,read,,,,1,0
56182388,"The Finish Line (The Ravenhood, #3)",Kate  Stewart,"Stewart, Kate",,"=""""","=""9798701102628""",0,4.29,Independently published,Paperback,450,2021,2021,,2023/12/08,to-read,to-read (#204),to-read,,,,0,0
53312623,"Exodus (The Ravenhood, #2)",Kate  Stewart,"Stewart, Kate",,"=""""","=""9798672214306""",0,4.42,Independently published,Paperback,450,2020,2020,,2023/12/08,to-read,to-read (#203),to-read,,,,0,0
40748777,"Flock (The Ravenhood, #1)",Kate  Stewart,"Stewart, Kate",,"=""""","=""9798666886403""",0,4.14,Independently published,Paperback,354,2020,2020,,2023/12/08,to-read,to-read (#202),to-read,,,,0,0
60227434,"Epic (Him, #2.5)",Sarina Bowen,"Bowen, Sarina",Elle Kennedy,"=""195015503X""","=""9781950155033""",5,4.29,Tuxbury Publishing LLC,Kindle Edition,48,2022,2020,2023/12/07,2023/12/07,,,read,,,,1,0
59754583,"Us (Him, #2)",Sarina Bowen,"Bowen, Sarina",Elle Kennedy,"=""1954500505""","=""9781954500501""",5,4.29,Rennie Road Books,Paperback,320,2021,2016,2023/12/07,2023/12/06,,,read,,,,1,0
59754566,Him (Him #1),Sarina Bowen,"Bowen, Sarina",Elle Kennedy,"=""1954500491""","=""9781954500495""",5,4.25,Rennie Road Books,Paperback,336,2021,2015,2023/12/06,2023/11/26,,,read,,,,1,0
172133046,"A Light in the Flame (Flesh and Fire, #2)",Jennifer L. Armentrout,"Armentrout, Jennifer L.",,"=""""","=""9781957568164""",5,4.52,Blue Box Press,Paperback,615,2022,2022,2023/12/05,2023/11/28,,,read,,,,1,0
198861748,War Hour (The Broken Trials Book 1),Lauren Loscig,"Loscig, Lauren",,"=""""","=""9798988101802""",0,4.32,LNL Publishing LLC,Kindle Edition,396,2023,,,2023/12/04,to-read,to-read (#201),to-read,,,,0,0
126918599,Empire of the Damned (Empire of the Vampire #2),Jay Kristoff,"Kristoff, Jay",,"=""1250245338""","=""9781250245335""",0,4.51,St. Martin's Press,Hardcover,736,2024,2024,,2023/12/03,to-read,to-read (#200),to-read,,,,0,0
200280033,Agnarr's Jarlin: Abandoned on Niflheim 2 (A Monster Romance With Space Orc Vikings),Jenifer Wood,"Wood, Jenifer","Carlotta Hughes, Samantha Swart","=""""","=""9798987995327""",5,4.39,,Kindle Edition,232,2023,,2023/12/02,2023/12/01,,,read,"**I received an ARC of Agnarr's Jarlin. Below is my honest review.**<br/><br/>I really loved this story! Agnarr's Teacher was a complete surprise when I read it and I have recommended it to everyone I know. So to say I was looking forward to this is an understatement. I normally don't like second books that follow the same romance as the first book but this is a clear exception! There is so much more for Piper and Agnarr to go thru in this book and neither character regresses, which is something that bothers me about other sequel romance books. You will not find that here. They grow even more as couple as they step into their new roles which is why I think this works so well. It also sets up the other characters for future books in the series, which has me even more excited to come back to this world. <br/><br/>I recently described Agnarr's Teacher as ""cozy smut"" and I will officially add Agnarr's Jarlin to the subgenre as well. ",,,1,0
60568471,"Before I Let Go (Skyland, #1)",Kennedy Ryan,"Ryan, Kennedy",,"=""1538706792""","=""9781538706794""",0,4.38,Forever,Paperback,420,2022,2022,,2023/12/02,to-read,to-read (#199),to-read,,,,0,0
123194693,"Pucking Around (Jacksonville Rays, #1)",Emily Rath,"Rath, Emily",,"=""""","=""9798987793312""",0,3.96,Emily Rath Books,Kindle Edition,756,2023,2023,,2023/12/02,to-read,to-read (#198),to-read,,,,0,0
49084724,Credence,Penelope Douglas,"Douglas, Penelope",,"=""1660089050""","=""9781660089055""",0,3.69,Independently published,Paperback,470,2020,2020,,2023/12/02,to-read,to-read (#197),to-read,,,,0,0
57815107,"The War of Two Queens (Blood and Ash, #4)",Jennifer L. Armentrout,"Armentrout, Jennifer L.",,"=""""","=""9781952457722""",5,4.08,Blue Box Press,ebook,628,2022,2022,2023/12/01,2023/11/19,,,read,,,,1,0
195820807,Just for the Summer,Abby Jimenez,"Jimenez, Abby",,"=""1538704439""","=""9781538704431""",0,4.75,Forever,Paperback,432,2024,2024,,2023/12/01,to-read,to-read (#196),to-read,,,,0,0
199073584,"Unmasking the Curse (Aralian Series, #1)",Chelle Cypress,"Cypress, Chelle",,"=""""","=""9798989118502""",0,4.63,Chelle Cypress,Paperback,498,2023,,,2023/11/30,to-read,to-read (#195),to-read,,,,0,0
197043155,The (Fake) Dating Game,Timothy Janovsky,"Janovsky, Timothy",,"=""""","=""9781335041555""",0,4.17,Afterglow Books by Harlequin,Paperback,,2024,,,2023/11/30,to-read,to-read (#194),to-read,,,,0,0
58014893,Every Summer After,Carley Fortune,"Fortune, Carley",,"=""0593438531""","=""9780593438534""",0,4.23,Berkley,Paperback,320,2022,2022,,2023/11/30,to-read,to-read (#193),to-read,,,,0,0
71872867,Recipe for a Charmed Life,Rachel Linden,"Linden, Rachel",,"=""0593440218""","=""9780593440216""",0,3.99,Berkley,Paperback,384,2024,2024,,2023/11/30,to-read,to-read (#192),to-read,,,,0,0
198428245,Queens of Moirai,Rhiannon Hargadon,"Hargadon, Rhiannon",,"=""1961131005""","=""9781961131002""",0,4.08,HRS Books,Paperback,368,2023,2023,,2023/11/30,to-read,to-read (#191),to-read,,,,0,0
90251201,You Make It Feel Like Christmas,Toni Shiloh,"Shiloh, Toni",,"=""0764242067""","=""9781493443789""",0,3.45,Bethany House Publishers,Paperback,208,2023,,,2023/11/30,to-read,to-read (#190),to-read,,,,0,0
127482487,The Ladies Rewrite the Rules,Suzanne Allain,"Allain, Suzanne",,"=""0593549643""","=""9780593549643""",0,4.54,Berkley,Paperback,272,2024,,,2023/11/30,to-read,to-read (#189),to-read,,,,0,0
199834495,The Seven Year Slip,Ashley Poston,"Poston, Ashley",,"=""059333650X""","=""9780593336502""",0,4.30,Berkley,Paperback,,2023,2023,,2023/11/30,to-read,to-read (#188),to-read,,,,0,0
63098427,"Love, Theoretically",Ali Hazelwood,"Hazelwood, Ali",,"=""0593336860""","=""9780593336861""",0,4.16,Berkley,Paperback,400,2023,2023,,2023/11/30,to-read,to-read (#187),to-read,,,,0,0
196522663,"The Good, the Bad, and the Aunties (Aunties #3)",Jesse Q. Sutanto,"Sutanto, Jesse Q.",,"=""0593546229""","=""9780593546222""",0,3.90,Berkley,Paperback,304,2024,2024,,2023/11/30,to-read,to-read (#186),to-read,,,,0,0
182762109,"This Could Be Us (Skyland, #2)",Kennedy Ryan,"Ryan, Kennedy",,"=""1538706822""","=""9781538706824""",0,4.68,Forever,Paperback,416,2024,2024,,2023/11/30,to-read,to-read (#185),to-read,,,,0,0
123288408,Evocation,S.T. Gibson,"Gibson, S.T.",,"=""191520268X""","=""9781915202680""",0,4.21,Angry Robot Books,Hardcover,400,2024,2024,,2023/11/30,to-read,to-read (#184),to-read,,,,0,0
195430708,Happy Medium,Sarah   Adler,"Adler, Sarah",,"=""0593547810""","=""9780593547816""",0,4.39,Berkley,Paperback,416,2024,2024,,2023/11/30,to-read,to-read (#183),to-read,,,,0,0
197041548,Manila Takes Manhattan,Carla de Guzman,"Guzman, Carla de",,"=""""","=""9781335041609""",0,4.18,Afterglow Books by Harlequin,Paperback,,2024,,,2023/11/30,to-read,to-read (#182),to-read,,,,0,0
197041827,The Boyfriend Subscription,Steven Salvatore,"Salvatore, Steven",,"=""""","=""9781335041593""",0,4.02,Afterglow Books by Harlequin,Paperback,,2024,2024,,2023/11/30,to-read,to-read (#181),to-read,,,,0,0
75665914,This Spells Love,Kate Robb,"Robb, Kate",,"=""0593596536""","=""9780593596531""",0,3.96,Dial Press Trade Paperback,Paperback,352,2023,2023,,2023/11/30,to-read,to-read (#180),to-read,,,,0,0
201581680,A Very Merry Mistake,Lyra Parish,"Parish, Lyra",,"=""1961229374""","=""9781961229372""",0,4.21,Happily Ever After Ink,Paperback,384,2023,,,2023/11/30,to-read,to-read (#179),to-read,,,,0,0
150343880,"Fangirl Down (Big Shots, #1)",Tessa Bailey,"Bailey, Tessa",,"=""0063308363""","=""9780063308367""",0,4.20,Avon,Paperback,384,2024,2024,,2023/11/30,to-read,to-read (#178),to-read,,,,0,0
129355235,The Christmas Fix,Lucy Score,"Score, Lucy",,"=""1728295149""","=""9781728295145""",0,4.14,Bloom Books,Paperback,384,2023,2017,,2023/11/30,to-read,to-read (#177),to-read,,,,0,0
196787830,"Born of Blood and Ash (Flesh and Fire, #4)",Jennifer L. Armentrout,"Armentrout, Jennifer L.",,"=""""","=""""",0,4.37,Blue Box Press,Kindle Edition,,2024,2024,,2023/11/28,to-read,to-read (#176),to-read,,,,0,0
57282383,"A Shadow in the Ember (Flesh and Fire, #1)",Jennifer L. Armentrout,"Armentrout, Jennifer L.",,"=""""","=""""",5,4.48,Blue Box Press,Hardcover,647,2021,2021,2023/11/28,2023/11/26,,,read,,,,1,0
38311338,Masters of Death,Olivie Blake,"Blake, Olivie",Little Chmura,"=""""","=""""",0,3.83,,Kindle Edition,349,2018,2018,,2023/11/26,to-read,to-read (#175),to-read,,,,0,0
55285911,"A Deal with the Elf King (Married to Magic, #1)",Elise Kova,"Kova, Elise",,"=""1949694283""","=""9781949694284""",0,3.73,Silver Wing Press,Paperback,317,2020,2020,,2023/11/26,to-read,to-read (#174),to-read,,,,0,0
55240343,"The â€‹Crown of Gilded Bones (Blood and Ash, #3)",Jennifer L. Armentrout,"Armentrout, Jennifer L.",,"=""1952457254""","=""9781952457258""",5,4.19,Blue Box Press,Paperback,645,2021,2021,2023/11/26,2023/11/19,,,read,,,,1,0
54319549,"A Kingdom of Flesh and Fire (Blood and Ash, #2)",Jennifer L. Armentrout,"Armentrout, Jennifer L.",,"=""""","=""""",5,4.37,Blue Box Press,Kindle Edition,637,2020,2020,2023/11/23,2021/12/20,,,read,,,,1,0
52831200,"From Blood and Ash (Blood and Ash, #1)",Jennifer L. Armentrout,"Armentrout, Jennifer L.",,"=""1952457017""","=""9781952457012""",5,4.24,Blue Box Press,ebook,622,2020,2020,2023/11/21,2021/12/20,,,read,,,,1,0
63847274,"A Soul of Ash and Blood (Blood and Ash, #5)",Jennifer L. Armentrout,"Armentrout, Jennifer L.",,"=""1957568461""","=""9781957568461""",0,3.98,Blue Box Press,Kindle Edition,703,2023,2023,,2023/11/19,to-read,to-read (#173),to-read,,,,0,0
123255391,"The Graham Effect (Campus Diaries, #1)",Elle Kennedy,"Kennedy, Elle",,"=""1990101186""","=""9781990101182""",0,4.28,EKI,Kindle Edition,498,2023,2023,,2023/11/19,to-read,to-read (#172),to-read,,,,0,0
54614561,"The Intimacy Experiment (The Shameless Series, #2)",Rosie Danan,"Danan, Rosie",,"=""0593101626""","=""9780593101629""",4,3.64,Berkley,Paperback,323,2021,2021,2023/11/18,2023/11/18,,,read,,,,1,0
45023611,"The Roommate (The Shameless Series, #1)",Rosie Danan,"Danan, Rosie",,"=""059310160X""","=""9780593101605""",5,3.58,Berkley,Paperback,325,2020,2020,2023/11/17,2023/11/17,,,read,,,,1,0
61618737,Forget Me Not,Julie  Soto,"Soto, Julie",,"=""1538740885""","=""9781538740880""",5,4.06,Forever,Paperback,341,2023,2023,2023/11/14,2023/11/13,,,read,Wow! Wow wow wow wow!!! I was not expecting this book to be as phenomenal as it was! And Teddy Hamilton can narrate EVERY male love interest from here on out!,,,1,0
62775194,Hidden Scars (Darby U Hockey Boys #1),Andi Jaxon,"Jaxon, Andi",,"=""""","=""""",4,4.17,,Kindle Edition,431,2022,,2023/11/12,2023/11/12,,,read,,,,1,0
198970722,Hexes from Exes (Anathamea on Earth #1),Katryna Lalock,"Lalock, Katryna",,"=""""","=""""",4,3.84,,Kindle Edition,304,2023,,2023/11/11,2023/11/11,,,read,,,,1,0
61530932,The Nanny,Lana Ferguson,"Ferguson, Lana",,"=""059354935X""","=""9780593549353""",0,3.59,Berkley,Paperback,432,2023,2023,,2023/11/09,to-read,to-read (#170),to-read,,,,0,0
123199658,The Fake Mate,Lana Ferguson,"Ferguson, Lana",,"=""0593549376""","=""9780593549377""",0,3.99,Berkley ,Paperback,400,2023,2023,,2023/11/09,to-read,to-read (#171),to-read,,,,0,0
90202302,"Iron Flame (The Empyrean, #2)",Rebecca Yarros,"Yarros, Rebecca",,"=""1649374178""","=""9781649374172""",5,4.42,Entangled: Red Tower Books,Hardcover,623,2023,2023,2023/11/09,2023/07/02,,,read,I didn't think it was possible but somehow this book is better than the first!,,,1,0
61431922,"Fourth Wing (The Empyrean, #1)",Rebecca Yarros,"Yarros, Rebecca",,"=""1649374046""","=""9781649374042""",5,4.63,"Entangled Publishing, LLC (Red Tower Books)",Hardcover,500,2023,2023,2023/06/04,2023/06/04,,,read,Absolutely incredible! Loved every second of this book!,,,2,0
58470171,"Kingdom of the Feared (Kingdom of the Wicked, #3)",Kerri Maniscalco,"Maniscalco, Kerri",,"=""0316342084""","=""9780316342087""",0,3.88,"Little, Brown Books for Young Readers",Kindle Edition,464,2022,2022,,2023/11/01,to-read,to-read (#169),to-read,,,,0,0
52772417,"Kingdom of the Cursed (Kingdom of the Wicked, #2)",Kerri Maniscalco,"Maniscalco, Kerri",,"=""1529350506""","=""9781529350500""",0,4.15,Hodder & Stoughton,Hardcover,437,2021,2021,,2023/11/01,to-read,to-read (#168),to-read,,,,0,0
52735921,"Kingdom of the Wicked (Kingdom of the Wicked, #1)",Kerri Maniscalco,"Maniscalco, Kerri",,"=""0316428469""","=""9780316428460""",0,3.91,Jimmy Patterson Books,Hardcover,372,2020,2020,,2023/11/01,to-read,to-read (#167),to-read,,,,0,0
67990949,Queens and Monsters (Three Fates Mafia #3),Clio Evans,"Evans, Clio",,"=""""","=""""",0,4.02,,Kindle Edition,0,2023,2023,,2023/11/01,to-read,to-read (#166),to-read,,,,0,0
185127100,What It Means To Be Brave (What It Means 2),Andrea Andersen,"Andersen, Andrea",,"=""""","=""9798987395028""",0,4.12,Andrea Andersen,Paperback,386,2023,,,2023/11/01,to-read,to-read (#165),to-read,,,,0,0
58941251,"The Ritual (L.O.R.D.S., #1)",Shantel Tessier,"Tessier, Shantel",,"=""""","=""""",5,4.09,,Kindle Edition,628,2021,2021,2023/11/01,2023/10/31,,,read,,,,1,0
122494718,"In the Weeds (Lovelight, #2)",B.K. Borison,"Borison, B.K.",,"=""0593641140""","=""9780593641149""",0,3.97,Berkley,Kindle Edition,334,2022,2022,,2023/10/31,to-read,to-read (#164),to-read,,,,0,0
162479003,The Way I Hate Him,Meghan Quinn,"Quinn, Meghan",,"=""1959442090""","=""9781959442097""",5,4.05,"Hot-Lanta Publishing, LLC",Kindle Edition,524,2023,2023,2023/10/30,2023/10/29,,,read,,,,1,0
61087733,"Iris Kelly Doesn't Date (Bright Falls, #3)",Ashley Herring Blake,"Blake, Ashley Herring",,"=""0593550587""","=""9780593550588""",5,4.26,Berkley,Kindle Edition,400,2023,2023,2023/10/28,2023/07/01,,,read,,,,1,0
61681786,"Final Offer (Dreamland Billionaires, #3)",Lauren Asher,"Asher, Lauren",,"=""172827222X""","=""9781728272221""",5,4.26,Bloom Books,Paperback,583,2023,2023,,2023/10/24,,,read,,,,1,0
86767939,"Terms and Conditions  (Dreamland Billionaires, #2)",Lauren Asher,"Asher, Lauren",,"=""""","=""""",5,4.16,,Kindle Edition,494,2022,2022,2023/10/24,2023/10/24,,,read,,,,1,0
74045390,"The Fine Print (Dreamland Billionaires, #1)",Lauren Asher,"Asher, Lauren",,"=""1737507714""","=""9781737507710""",4,3.88,Lauren Asher,Paperback,448,2022,2021,2023/10/22,2023/10/22,,,read,,,,1,0
122765899,Filthy Rich Vampires: For Eternity,Geneva Lee,"Lee, Geneva",,"=""""","=""""",5,4.24,Estate,Kindle Edition,532,2023,,2023/10/18,2023/10/16,,,read,,,,1,0
181344829,Bride,Ali Hazelwood,"Hazelwood, Ali",,"=""""","=""""",0,4.27,Berkley,Kindle Edition,416,2024,2024,,2023/10/16,to-read,to-read (#163),to-read,,,,0,0
77157182,"Three Queens (Filthy Rich Vampires, #3)",Geneva Lee,"Lee, Geneva",,"=""""","=""9781945163777""",5,4.18,Estate Publishing,Paperback,356,2023,2023,2023/10/15,2023/10/11,,,read,,,,1,0
62094002,"Second Rite (Filthy Rich Vampires, #2)",Geneva Lee,"Lee, Geneva",Geneva Lee Albin,"=""1945163704""","=""9781945163708""",5,4.20,Estate Publishing,Paperback,400,2022,2022,2023/10/13,2023/10/11,,,read,"I don't think I have screamed ""WHAT?!?"" so much in one book! This was so much fun!",,,1,0
60710765,"Filthy Rich Vampire (Filthy Rich Vampires, #1)",Geneva Lee,"Lee, Geneva",Geneva Lee Albin,"=""""","=""""",5,4.01,Estate Books,Kindle Edition,429,2022,2022,2023/10/12,2023/10/11,,,read,,,,1,0
59808347,"Lizzie Blake's Best Mistake (A Brush with Love, #2)",Mazey Eddings,"Eddings, Mazey",,"=""1250806003""","=""9781250806000""",3,3.90,Griffin,Paperback,336,2022,2022,2023/10/09,2023/03/19,,,read,,,,1,0
101145836,"Wildfire (Maple Hills, #2)",Hannah  Grace,"Grace, Hannah",,"=""1668026279""","=""9781668026274""",5,3.94,Atria Books,Paperback,400,2023,2023,2023/10/07,2023/09/03,,,read,,,,1,0
171813227,"Ruling Sikthand (Clecanian, #7)",Victoria Aveline,"Aveline, Victoria",,"=""""","=""""",5,4.51,,Kindle Edition,482,2023,2023,2023/10/05,2023/10/03,,,read,,,,1,0
101144869,"The Long Game (Long Game, #1)",Elena  Armas,"Armas, Elena",,"=""1668011301""","=""9781668011300""",0,3.66,Atria,Paperback,384,2023,2023,,2023/10/03,to-read,to-read (#162),to-read,,,,0,0
75665887,"You, Again",Kate Goldbeck,"Goldbeck, Kate",,"=""059344812X""","=""9780593448120""",0,3.70,Random House Publishing Group,Paperback,448,2023,2023,,2023/10/03,to-read,to-read (#161),to-read,,,,0,0
58065033,Lessons in Chemistry,Bonnie Garmus,"Garmus, Bonnie",,"=""""","=""""",0,4.31,Doubleday Books,Hardcover,390,2022,2022,,2023/10/03,to-read,to-read (#160),to-read,,,,0,0
63139070,Resisting Maxu (Clecanian #6),Victoria Aveline,"Aveline, Victoria",,"=""""","=""""",5,4.08,,Kindle Edition,332,2022,2022,2023/10/03,2023/10/03,,,read,"Omg! Just when you think you know where this series is going, it takes a hard right run and you are left with a bitter sweet ending. Holy crap! This book was really interesting in how it handled religious trauma. Meg's backstory is fascinating to me and I really love her as a character.",true,,1,0
98180866,"Releasing Maladek (Clecanian, #5.5)",Victoria Aveline,"Aveline, Victoria",,"=""""","=""""",5,4.18,,Kindle Edition,152,2023,2022,2023/10/01,2023/10/01,,,read,Loved this! I'm really hoping we get more of them and that Katie can meet the rest of the humans in the series.,,,1,0
58651856,"Foxglove (Belladonna, #2)",Adalyn  Grace,"Grace, Adalyn",,"=""""","=""9780316565257""",5,4.23,"Little, Brown Books for Young Readers",Hardcover,465,2023,2023,2023/09/30,2023/09/26,,,read,,,,1,0
59580572,"Using Fejo (Clecanian, #5)",Victoria Aveline,"Aveline, Victoria",,"=""""","=""""",5,4.30,,Kindle Edition,313,2022,2022,2023/09/25,2023/09/25,,,read,"Well, it's officially! This is my favorite of the series and will be a tough one to beat. Fejo in my head is Henry Cavill in the Witcher but with dark hair mixed with Hook from Once Upon A Time. I really wasn't sure how I would feel about Vanessa's story but it's so amazing and I love their chemistry. I might need to take a break so I can just bask in Fejo's glory for a few days! Whew!",,,1,0
58184242,"Tempting Auzed (Clecanian, #4)",Victoria Aveline,"Aveline, Victoria",,"=""""","=""""",5,4.14,,Kindle Edition,373,2021,2021,2023/09/24,2023/09/24,,,read,Okay this series is amazing! I LOVE the overarching storyline and am so interested to see how it plays out. Now I know that Choosing Theo seems to be everyone's favorite but this is mine! I LOVED Alex as the MFC! This book is the top of the series for me with Freeing Luka coming in as a close second. Oh I just loved everything about this story!,,,1,0
56386563,"Saving Verakko (Clecanian, #3)",Victoria Aveline,"Aveline, Victoria",,"=""""","=""""",4,4.00,Amazon Digital Services,Kindle Edition,410,2021,2021,2023/09/23,2023/09/22,,,read,,,,1,0
54217084,"Freeing Luka (Clecanian, #2)",Victoria Aveline,"Aveline, Victoria",,"=""""","=""""",5,3.82,,Kindle Edition,307,2020,2020,2023/09/21,2023/09/20,,,read,,,,1,0
51479476,"Choosing Theo (Clecanian, #1)",Victoria Aveline,"Aveline, Victoria",,"=""""","=""""",5,4.16,,Kindle Edition,369,2020,2020,2023/09/20,2023/09/20,,,read,,,,1,0
63576746,Stolen by the Orc Commander (Brides of the Frostwolf Clan #1),K.L. Wyatt,"Wyatt, K.L.",,"=""""","=""9798987239896""",3,3.43,,Kindle Edition,188,2023,,2023/09/19,2023/09/18,,,read,,,,1,0
152581090,Agnarr's Teacher (Abandoned on Niflheim #1),Jenifer Wood,"Wood, Jenifer",,"=""""","=""9798987995303""",5,3.83,Jenifer Wood,Kindle Edition,286,2023,2023,2023/09/17,2023/09/17,,,read,,,,1,0
59227936,"Belladonna (Belladonna, #1)",Adalyn  Grace,"Grace, Adalyn",,"=""0316158232""","=""9780316158237""",5,4.05,"Little, Brown Books for Young Readers",Hardcover,409,2022,2022,2023/09/17,2023/09/16,,,read,,,,1,0
149115732,The Mistress & The Renowned: A Hades & Persephone Retelling,Alexis Rune,"Rune, Alexis",Jeanette Rose,"=""""","=""9798986305066""",4,3.85,Rose & Star Publishing,Kindle Edition,405,2023,2023,2023/09/13,2023/09/08,,,read,,,,1,0
61753813,The Maiden & The Unseen,Jeanette Rose,"Rose, Jeanette",Alexis Rune,"=""""","=""9798986305004""",3,3.62,Rose and Star Publishing,ebook,431,2022,,2023/09/08,2023/09/07,,,read,,,,1,0
62365891,"Unfortunately Yours  (A Vine Mess, #2)",Tessa Bailey,"Bailey, Tessa",,"=""0063239035""","=""9780063239036""",5,3.87,Avon,Paperback,384,2023,2023,2023/09/06,2023/03/19,,,read,,,,1,0
52140234,"Contaminated (Cosmic Fairy Tales; Gennekt, #1)",Amanda Milo,"Milo, Amanda",,"=""""","=""""",0,4.07,Amazon Digital Services,Kindle Edition,168,2019,2019,,2023/09/03,to-read,to-read (#159),to-read,,,,0,0
48567611,"Contagion (Gennekt, #2)",Amanda Milo,"Milo, Amanda",,"=""""","=""""",0,4.08,,Kindle Edition,152,2019,2019,,2023/09/03,to-read,to-read (#158),to-read,,,,0,0
123692474,Sweeten the Deal,Katie   Shepard,"Shepard, Katie",,"=""""","=""9780593549315""",0,3.53,Berkley,Paperback,384,2023,2023,,2023/09/03,to-read,to-read (#157),to-read,,,,0,0
86495898,The Holiday Mix-Up,Ginny Baird,"Baird, Ginny",,"=""""","=""""",0,3.36,Sourcebooks Casablanca,Kindle Edition,0,2023,2023,,2023/09/03,to-read,to-read (#156),to-read,,,,0,0
62649017,The Sweetest Revenge,Lizzy Dent,"Dent, Lizzy",,"=""0593545478""","=""9780593545478""",0,3.62,G.P. Putnam's Sons,Paperback,368,2023,2023,,2023/09/03,to-read,to-read (#155),to-read,,,,0,0
90590131,"Iris Kelly Doesn't Date (Bright Falls, #3)",Ashley Herring Blake,"Blake, Ashley Herring",,"=""0593550579""","=""9780593550571""",0,4.26,Berkley,Paperback,402,2023,2023,,2023/09/03,to-read,to-read (#154),to-read,,,,0,0
78296963,Confessions of a Forty-Something F**k Up,Alexandra Potter,"Potter, Alexandra",,"=""0063340895""","=""9780063340893""",0,4.09,Harper Paperbacks,Paperback,400,2023,2020,,2023/09/03,to-read,to-read (#153),to-read,,,,0,0
123210381,Love in Winter Wonderland,Abiola Bello,"Bello, Abiola",,"=""1641295074""","=""9781641295079""",0,3.75,Soho Teen,Hardcover,312,2023,,,2023/09/03,to-read,to-read (#152),to-read,,,,0,0
65214313,Cleat Cute,Meryl Wilsner,"Wilsner, Meryl",,"=""1250873304""","=""9781250873309""",0,3.85,Griffin,Paperback,336,2023,2023,,2023/09/03,to-read,to-read (#151),to-read,,,,0,0
101673373,A Winter in New York,Josie Silver,"Silver, Josie",,"=""0593724933""","=""9780593724934""",0,3.78,Delacorte Press,Hardcover,384,2023,2023,,2023/09/03,to-read,to-read (#150),to-read,,,,0,0
60316907,"This Dark Descent (This Dark Descent, #1)",Kalyn Josephson,"Josephson, Kalyn",,"=""1250812364""","=""9781250812360""",0,3.79,Roaring Brook Press,Hardcover,400,2023,2023,,2023/09/03,to-read,to-read (#149),to-read,,,,0,0
75289878,"These Twisted Bonds (These Hollow Vows, 2)",Lexi Ryan,"Ryan, Lexi",,"=""0063308924""","=""9780063308923""",0,4.00,HarperTeen,Paperback,496,2023,2022,,2023/09/03,to-read,to-read (#148),to-read,,,,0,0
63139926,Thief Liar Lady,D.L. Soria,"Soria, D.L.",,"=""0593358058""","=""9780593358054""",0,3.59,Del Rey,Hardcover,416,2023,2023,,2023/09/03,to-read,to-read (#147),to-read,,,,0,0
71872920,Witch of Wild Things,Raquel Vasquez Gilliland,"Gilliland, Raquel Vasquez",,"=""0593548574""","=""9780593548578""",0,3.74,Berkley,Paperback,304,2023,2023,,2023/09/03,to-read,to-read (#146),to-read,,,,0,0
157660627,"A Dawn of Onyx (The Sacred Stones, #1)",Kate  Golden,"Golden, Kate",,"=""0593641906""","=""9780593641903""",0,4.01,Berkley,Paperback,432,2023,2022,,2023/09/03,to-read,to-read (#145),to-read,,,,0,0
62926992,The Wishing Game,Meg Shaffer,"Shaffer, Meg",,"=""0593598830""","=""9780593598832""",0,4.20,Ballantine Books,Hardcover,304,2023,2023,,2023/09/03,to-read,to-read (#144),to-read,,,,0,0
40132775,"House of Sky and Breath (Crescent City, #2)",Sarah J. Maas,"Maas, Sarah J.",,"=""1408884429""","=""9781408884423""",5,4.51,Bloomsbury Publishing,Hardcover,805,2022,2022,2023/09/02,2021/12/20,,,read,,,,1,0
44778083,"House of Earth and Blood (Crescent City, #1)",Sarah J. Maas,"Maas, Sarah J.",,"=""1635574048""","=""9781635574043""",5,4.48,Bloomsbury Publishing,Hardcover,803,2020,2020,2023/08/29,2021/12/20,,,read,,,,1,0
56587784,"A Game of Gods (Hades Saga, #3)",Scarlett St.  Clair,"Clair, Scarlett St.",,"=""""","=""""",4,4.07,Bloom Books,Hardcover,592,2023,2023,2023/08/24,2023/08/20,,,read,,,,1,0
55454619,"A Game of Retribution (Hades Saga, #2)",Scarlett St.  Clair,"Clair, Scarlett St.",,"=""""","=""""",4,4.04,Bloom Books,Hardcover,464,2022,2022,2023/08/16,2023/08/15,,,read,,,,1,0
54626426,"A Game of Fate (Hades Saga, #1)",Scarlett St.  Clair,"Clair, Scarlett St.",,"=""""","=""""",4,4.05,,Kindle Edition,379,2020,2020,2023/08/13,2023/08/13,,,read,,,,1,0
58311976,"The Darkening (The Darkening, #1)",Sunya Mara,"Mara, Sunya",,"=""0358561981""","=""9780358561989""",4,3.60,Clarion Books,Hardcover,400,2022,2022,2023/08/13,2023/08/06,,,read,,,,1,0
51035594,The Do-Over,Lynn Painter,"Painter, Lynn",,"=""""","=""""",0,3.98,Simon Pulse,Hardcover,304,2022,2022,,2023/08/06,to-read,to-read (#143),to-read,,,,0,0
67990962,Thieves and Monsters (Three Fates Mafia #1),Clio Evans,"Evans, Clio",,"=""""","=""""",3,3.84,Amazon Digital Services,Kindle Edition,340,2023,2023,2023/08/04,2023/08/04,,,read,,,,1,0
61160671,"Grim and Bear It (Stay a Spell, #6)",Juliette Cross,"Cross, Juliette",,"=""""","=""""",0,4.20,,Kindle Edition,368,2023,2023,,2023/08/01,to-read,to-read (#142),to-read,,,,0,0
60903151,"Resting Witch Face (Stay a Spell, #5)",Juliette Cross,"Cross, Juliette",,"=""""","=""""",0,4.26,"Juliette Cross Publishing, LLC",Kindle Edition,365,2022,2022,,2023/08/01,to-read,to-read (#141),to-read,,,,0,0
59018575,"Always Practice Safe Hex (Stay a Spell, #4)",Juliette Cross,"Cross, Juliette",,"=""""","=""""",0,4.26,,Kindle Edition,379,2022,2022,,2023/08/01,to-read,to-read (#140),to-read,,,,0,0
55345190,"Witches Get Stitches (Stay a Spell, #3)",Juliette Cross,"Cross, Juliette",,"=""""","=""""",0,4.17,,Kindle Edition,390,2021,2021,,2023/08/01,to-read,to-read (#139),to-read,,,,0,0
58435293,"Don't Hex and Drive (Stay a Spell, #2)",Juliette Cross,"Cross, Juliette","Johanna Fairview, Aiden Snow","=""""","=""""",0,4.12,Podium Audio,Audible Audio,11,2021,2020,,2023/08/01,to-read,to-read (#138),to-read,,,,0,0
48988286,"Wolf Gone Wild  (Stay a Spell, #1)",Juliette Cross,"Cross, Juliette",,"=""1087848563""","=""9781087848563""",0,4.00,Juliette Cross,Paperback,378,2020,2020,,2023/08/01,to-read,to-read (#137),to-read,,,,0,0
67990960,Killers and Monsters (Three Fates Mafia #2),Clio Evans,"Evans, Clio",,"=""""","=""""",5,4.07,,Kindle Edition,0,2023,2023,2023/08/01,2023/07/28,,,read,,,,1,0
123168026,"Star Spear (Sun Serpent Saga, #2)",Geneva Monroe,"Monroe, Geneva",,"=""1960352032""","=""9781960352033""",5,4.13,Purple Phoenix Press,Kindle Edition,421,2023,,2023/07/31,2023/07/31,,,read,"Sun Serpent came out of nowhere and surprised me. Star Spear decided to one up Sun Serpent and was everything I wanted in a book and more! I'm going to be screaming this book's praises all over social media! Geneva has caused my skin to crawl on The Steps, my heart to break, my nerves to be shot, and made me laugh at the amazing banter between characters! I literally put the book down for 24 hours with 6 chapters left because she had built the story in such a way that my heart was in my throat and I was ready for the sky to fall in the last chapters. They did not disappoint but MAN was it a ride. I need a long nap and a massage to get all of this tension out of my shoulders! Woo! <br/><br/>Cannot recommend enough! I have a feeling I will read every book Geneva writes! What an amazing debut series! <br/><br/>**I received an advanced reader copy from the author. This review is fully my own.**",true,,1,0
62205020,"Aeternum (Vincula Realm, #2)",Jamie Applegate Hunter,"Hunter, Jamie Applegate",,"=""""","=""""",5,3.88,Amazon Digital Services,Kindle Edition,526,2023,,2023/06/09,2023/06/08,,,read,,,,1,0
60446482,"The Umbra King (Vincula Realm, #1)",Jamie Applegate Hunter,"Hunter, Jamie Applegate",,"=""""","=""""",5,3.96,,Kindle Edition,385,2022,,2023/06/08,2023/04/29,,,read,,,,1,0
57070660,Just Haven't Met You Yet,Sophie Cousens,"Cousens, Sophie",,"=""0593331524""","=""9780593331521""",0,3.77,G.P. Putnam's Sons,Paperback,371,2021,2021,,2022/09/06,to-read,to-read (#72),to-read,,,,0,0
54918804,"Prince of Never (Black Blood Fae, #1)",Juno Heart,"Heart, Juno",,"=""0648339289""","=""9780648339281""",0,3.76,Juno Heart,Kindle Edition,388,2020,2019,,2023/07/29,to-read,to-read (#136),to-read,,,,0,0
75677628,"Sun Serpent (Sun Serpent Saga, #1)",Geneva Monroe,"Monroe, Geneva",,"=""1960352024""","=""9781960352026""",5,4.04,Purple Phoenix Press,Kindle Edition,464,2023,,2023/07/27,2023/07/20,,,read,"What a fantastic read! For a debut author, this reads like an author well into their career. The first half of the book is set at a slower pace but everything still has weight and importance. The character building sets us up to take off flying at the halfway mark! And can we talk about Xoc?! This is me hoping she writes some POV from his perspective. I'll be jealous of the character who ends up with him. Cannot wait to read Star Spear!!!",,,1,0
56670031,"A Touch of Chaos (Hades x Persephone Saga, #4)",Scarlett St.  Clair,"Clair, Scarlett St.",,"=""""","=""""",0,4.20,Bloom Books,Hardcover,464,2024,2024,,2023/07/20,to-read,to-read (#135),to-read,,,,0,0
55604481,"A Touch of Malice (Hades x Persephone Saga, #3)",Scarlett St.  Clair,"Clair, Scarlett St.",,"=""""","=""""",5,3.97,,Kindle Edition,418,2021,2021,2023/07/20,2023/07/20,,,read,,,,1,0
50622362,Among the Beasts & Briars,Ashley Poston,"Poston, Ashley",,"=""0062847368""","=""9780062847362""",0,3.78,Balzer + Bray,Hardcover,352,2020,2020,,2023/07/18,to-read,to-read (#134),to-read,,,,0,0
53143734,"A Touch of Ruin (Hades x Persephone Saga, #2)",Scarlett St.  Clair,"Clair, Scarlett St.",,"=""""","=""9798637299126""",4,3.82,Scarlett  St. Clair,Paperback,417,2020,2020,2023/07/18,2023/07/18,,,read,,,,1,0
55215339,"A Touch of Darkness (Hades x Persephone Saga, #1)",Scarlett St.  Clair,"Clair, Scarlett St.",,"=""""","=""""",5,3.83,Scarlett St. Clair,Kindle Edition,379,2020,2019,2023/07/16,2023/07/16,,,read,,,,1,0
61246394,"Trial of the Sun Queen (Artefacts of Ouranos, #1)",Nisha J. Tuli,"Tuli, Nisha J.",,"=""""","=""9781778126963""",4,3.92,,Paperback,400,2022,2022,2023/07/03,2023/07/03,,,read,,,,1,0
62909110,"Ambrosia (Frost and Nectar, #2)",C.N. Crawford,"Crawford, C.N.",,"=""""","=""""",3,3.84,,Kindle Edition,350,2023,2023,2023/07/13,2023/07/13,,,read,,,,1,0
62317663,"Frost (Frost and Nectar, #1)",C.N. Crawford,"Crawford, C.N.",,"=""1956290095""","=""9781956290097""",4,4.03,,Kindle Edition,326,2022,2022,2023/07/11,2023/07/11,,,read,,,,1,0
62894746,"Rule of the Aurora King (Artefacts of Ouranos, #2)",Nisha J. Tuli,"Tuli, Nisha J.",,"=""1990898041""","=""9781990898044""",5,4.01,NJT Author,Paperback,503,2023,2023,2023/07/05,2023/07/05,,,read,Enjoyed this so much more than the first book.,,,1,0
55648820,Seven Days in June,Tia Williams,"Williams, Tia",,"=""""","=""""",0,4.04,Grand Central Publishing,Hardcover,336,2021,2021,,2023/07/04,to-read,to-read (#133),to-read,,,,0,0
64656713,The Gargoyles Gift,Marilu Moser,"Moser, Marilu",,"=""""","=""""",0,3.62,Tome Dragon Publishing,,,2022,,,2023/07/02,to-read,to-read (#132),to-read,,,,0,0
58545703,"Hooked (Never After, #1)",Emily McIntire,"McIntire, Emily",,"=""173750832X""","=""""",0,3.83,,Kindle Edition,312,2021,2021,,2023/07/01,to-read,to-read (#131),to-read,,,,0,0
62926938,The Seven Year Slip,Ashley Poston,"Poston, Ashley",,"=""""","=""""",5,4.30,Berkley,Paperback,352,2023,2023,2023/06/30,2023/06/30,,,read,"She did it again! Dead Romantics was one of my top three books I read in 2022. And The Seven Year Slip is now one of my top books of 2023. Within the first 5 pages, Ashley creates a magical, mysterious, and evocative world. I got the same tingling feeling reading this book that I did with Dead Romantics and it was such a treat when **spoiler** a certain man named Benji makes an appearance. A lot of romance writers create their own universes where all the characters from all their books live in the same world, but Ashley makes it feel new and exciting. I don't know any other author out there doing what she does. Cannot wait for her next book!",true,,1,0
38357345,My Favorite Half-Night Stand,Christina Lauren,"Lauren, Christina",,"=""""","=""""",4,3.74,Gallery Books,Paperback,384,2018,2018,2023/06/27,2023/06/27,,,read,,,,1,0
59345253,Something Wilder,Christina Lauren,"Lauren, Christina",,"=""1982173408""","=""9781982173401""",5,3.68,Gallery Books,Hardcover,384,2022,2022,2023/06/27,2022/07/14,,,read,,,,1,0
61492435,"A Crown of Ivy and Glass (The Middlemist Trilogy, #1)",Claire Legrand,"Legrand, Claire",,"=""172823199X""","=""9781728231990""",0,3.14,Sourcebooks Casablanca,Hardcover,560,2023,2023,,2023/06/25,to-read,to-read (#130),to-read,,,,0,0
61237041,"The Foxglove King (The Nightshade Crown, #1)",Hannah F. Whitten,"Whitten, Hannah F.",,"=""031643499X""","=""9780316434997""",0,3.81,Orbit,Hardcover,467,2023,2023,,2023/06/25,to-read,to-read (#129),to-read,,,,0,0
61244268,"Godkiller (Fallen Gods, #1)",Hannah Kaner,"Kaner, Hannah",,"=""0008521468""","=""9780008521462""",0,3.93,Harper Voyager,Hardcover,304,2023,2023,,2023/06/25,to-read,to-read (#128),to-read,,,,0,0
36492488,"We Hunt the Flame (Sands of Arawiya, #1)",Hafsah Faizal,"Faizal, Hafsah",,"=""0374311544""","=""9780374311544""",0,3.90,"Farrar, Straus and Giroux",Hardcover,472,2019,2019,,2023/06/25,to-read,to-read (#127),to-read,,,,0,0
44779795,"All Our Hidden Gifts (All Our Hidden Gifts, #1)",Caroline O'Donoghue,"O'Donoghue, Caroline",,"=""1536213942""","=""9781536213942""",0,3.96,Walker Books US,Hardcover,384,2021,2021,,2023/06/25,to-read,to-read (#126),to-read,,,,0,0
61109599,"Secretly Yours (A Vine Mess, #1)",Tessa Bailey,"Bailey, Tessa",,"=""0063238985""","=""9780063238985""",4,3.32,Avon,Paperback,384,2023,2023,2023/06/25,2023/03/19,,,read,,,,1,0
61897968,"Practice Makes Perfect (When in Rome, #2)",Sarah       Adams,"Adams, Sarah",,"=""0593500806""","=""9780593500804""",4,4.05,Random House Publishing Group,Paperback,368,2023,2023,2023/06/22,2023/06/04,,,read,,,,1,0
61326735,"Love, Theoretically",Ali Hazelwood,"Hazelwood, Ali",,"=""1408725797""","=""9781408725795""",5,4.16,Little Brown Books,Paperback,389,2023,2023,2023/06/19,2023/03/18,,,read,,,,1,0
150304767,Darling Venom,Parker S. Huntington,"Huntington, Parker S.",,"=""1950209032""","=""9781950209033""",5,4.32,PSH Publishing,Paperback,470,2023,2021,2023/06/14,2023/06/14,,,read,,,,1,0
16034964,"Losing It (Losing It, #1)",Cora Carmack,"Carmack, Cora",,"=""0988393506""","=""9780988393509""",4,3.72,HarperCollins Publishers,ebook,189,2012,2012,2023/06/12,2023/06/12,,,read,,,,1,0
78580979,How to Honeymoon Alone,Olivia Hayle,"Hayle, Olivia",,"=""""","=""9789198793758""",0,4.13,,ebook,,,2023,,2023/06/10,to-read,to-read (#125),to-read,,,,0,0
62919768,The Wife App,Carolyn Mackler,"Mackler, Carolyn",,"=""1982158794""","=""9781982158798""",0,3.60,Simon & Schuster,Hardcover,368,2023,2023,,2023/06/10,to-read,to-read (#124),to-read,,,,0,0
61718053,Happy Place,Emily Henry,"Henry, Emily",,"=""0593441273""","=""9780593441275""",0,4.06,Berkley,Hardcover,400,2023,2023,,2023/03/18,currently-reading,currently-reading (#4),currently-reading,,,,1,0
51170419,One to Watch,Kate Stayman-London,"Stayman-London, Kate",,"=""""","=""""",0,3.89,The Dial Press,Kindle Edition,424,2020,2020,,2022/03/26,,,read,,,,1,0
123508433,Exposing The Groom,Rachel Van Dyken,"Dyken, Rachel Van",,"=""1957700289""","=""9781957700281""",4,4.11,Van Dyken Enterprises INC,Kindle Edition,236,2023,,2023/05/23,2023/05/22,,,read,,,,1,0
123368729,Slaying the Vampire Conqueror,Carissa Broadbent,"Broadbent, Carissa",,"=""""","=""""",0,4.14,,Kindle Edition,452,2023,2023,,2023/06/04,to-read,to-read (#123),to-read,,,,0,0
61085925,"These Infinite Threads (This Woven Kingdom, #2)",Tahereh Mafi,"Mafi, Tahereh",,"=""""","=""""",0,4.13,HarperCollins,Kindle Edition,416,2023,2023,,2023/06/04,to-read,to-read (#122),to-read,,,,0,0
58783802,When Women Were Dragons,Kelly Barnhill,"Barnhill, Kelly",,"=""0385548222""","=""9780385548229""",0,3.89,Doubleday /Anchor Books Edition,Paperback,367,2023,2022,,2023/06/04,to-read,to-read (#121),to-read,,,,0,0
60784549,In the Lives of Puppets,T.J. Klune,"Klune, T.J.",,"=""125021744X""","=""9781250217448""",0,3.98,Tor Books,Hardcover,432,2023,2023,,2023/06/04,to-read,to-read (#120),to-read,,,,0,0
56554281,"This Woven Kingdom (This Woven Kingdom, #1)",Tahereh Mafi,"Mafi, Tahereh",,"=""0062972464""","=""9780062972460""",0,4.00,HarperCollins,ebook,512,2022,2022,,2023/06/04,to-read,to-read (#119),to-read,,,,0,0
60092579,"When in Rome (When in Rome, #1)",Sarah       Adams,"Adams, Sarah",,"=""0593500784""","=""9780593500781""",0,3.92,Dell,Paperback,320,2022,2022,,2023/06/04,to-read,to-read (#118),to-read,,,,0,0
62628727,Romantic Comedy,Curtis Sittenfeld,"Sittenfeld, Curtis",,"=""0399590943""","=""9780399590948""",0,3.69,Random House,Hardcover,309,2023,2023,,2023/06/04,to-read,to-read (#117),to-read,,,,0,0
60784545,"The Plus One (A Brush with Love, #3)",Mazey Eddings,"Eddings, Mazey",,"=""1250847044""","=""9781250847041""",0,3.75,Griffin,Paperback,307,2023,2023,,2023/05/02,to-read,to-read (#116),to-read,,,,0,0
61797464,Meet Me at the Lake,Carley Fortune,"Fortune, Carley",,"=""0735243786""","=""9780735243781""",0,3.71,Viking,Paperback,336,2023,2023,,2023/05/02,to-read,to-read (#115),to-read,,,,0,0
58784475,"Tomorrow, and Tomorrow, and Tomorrow",Gabrielle Zevin,"Zevin, Gabrielle",,"=""""","=""""",0,4.20,Knopf,Hardcover,401,2022,2022,,2023/05/01,to-read,to-read (#114),to-read,,,,0,0
59366218,Dream On,Angie Hockman,"Hockman, Angie",,"=""1982177578""","=""9781982177577""",5,3.58,Gallery Books,Paperback,352,2022,2022,,2023/04/20,,,read,,,,1,0
54377375,"Life's Too Short (The Friend Zone, #3)",Abby Jimenez,"Jimenez, Abby",,"=""1538715686""","=""9781538715680""",5,4.19,Forever,ebook,384,2021,2021,,2022/07/14,,,read,,,,1,0
50208350,"The Happy Ever After Playlist (The Friend Zone, #2)",Abby Jimenez,"Jimenez, Abby",,"=""""","=""9781538715635""",5,4.17,Forever,ebook,401,2020,2020,,2022/07/14,,,read,,,,1,0
58800142,"Astrid Parker Doesn't Fail (Bright Falls, #2)",Ashley Herring Blake,"Blake, Ashley Herring",,"=""""","=""""",5,4.08,Berkley,Kindle Edition,400,2022,2022,,2022/07/14,,,read,,,,1,0
62042366,Deathwalker,Madison   Nicole,"Nicole, Madison",,"=""""","=""""",0,3.91,,Kindle Edition,248,2022,,,2023/04/30,to-read,to-read (#113),to-read,,,,0,0
62335396,"The Ashes and the Star-Cursed King (Crowns of Nyaxia, #2)",Carissa Broadbent,"Broadbent, Carissa",,"=""""","=""""",5,4.19,,Kindle Edition,665,2023,2023,2023/04/29,2023/04/26,,,read,Wow! Wow wow wow! It's so hard to find series that resolve the story in such a satisfying way. But this one did! A great ending to this duology! I'm so excited to see what the next books in the series brings and I'm going to have major book hangover from this! Highly recommend!,,,1,0
60657589,"Emily Wilde's Encyclopaedia of Faeries (Emily Wilde, #1)",Heather Fawcett,"Fawcett, Heather",,"=""059350013X""","=""9780593500132""",0,4.07,Del Rey,Hardcover,325,2023,2023,,2023/04/26,to-read,to-read (#112),to-read,,,,0,0
60784546,"Divine Rivals (Letters of Enchantment, #1)",Rebecca   Ross,"Ross, Rebecca",,"=""1250857430""","=""9781250857439""",0,4.26,Wednesday Books,Hardcover,357,2023,2023,,2023/04/26,to-read,to-read (#111),to-read,,,,0,0
15839976,"Red Rising (Red Rising Saga, #1)",Pierce Brown,"Brown, Pierce",,"=""""","=""""",0,4.26,Del Rey,Hardcover,382,2014,2014,,2023/04/26,to-read,to-read (#110),to-read,,,,0,0
60714999,"The Serpent and the Wings of Night (Crowns of Nyaxia, #1)",Carissa Broadbent,"Broadbent, Carissa",,"=""""","=""""",5,4.36,Independently Published,Kindle Edition,532,2022,2022,2023/04/26,2023/04/25,,,read,,,,1,0
128029,A Thousand Splendid Suns,Khaled Hosseini,"Hosseini, Khaled",,"=""1594489505""","=""9781594489501""",0,4.43,Riverhead Books,Hardcover,372,2007,2007,,2023/04/25,to-read,to-read (#109),to-read,,,,0,0
61918816,"Yours Truly (Part of Your World, #2)",Abby Jimenez,"Jimenez, Abby",,"=""1538704390""","=""9781538704394""",5,4.34,Forever,Paperback,416,2023,2023,2023/04/12,2022/11/23,,,read,,,,1,0
62361081,The True Love Experiment,Christina Lauren,"Lauren, Christina",,"=""1982173432""","=""9781982173432""",5,4.17,Gallery Books,Hardcover,409,2023,2023,2023/04/10,2023/03/18,,,read,"First things first, I received an ARC of this book. Okay now let's get into the review!<br/><br/>This is the third Christina Lauren book I have read.i read Unhoneymooners last year and I read The Soulmate Equation about a week ago. I actually enjoyed Soulmate Equation better than Unhoneymooners so when I got this arc I was so excited because I couldn't wait to learn more about Fizzy! This book had me laughing from the very beginning to the very end! It was so wonderful and I read it in just over a day. By far my favorite Christina Lauren book so far! I have read other dating show books (Charm Offensive, One to Watch) and I was worried this would be exactly the same. But this book does a great job of not feeling like every other Bachelor/Bachelorette themed book. <br/><br/>I highly recommend to any romance reader! Fizzy and Connor are definitely two of my favorite romantic leads now ",,,1,0
58438593,The Soulmate Equation,Christina Lauren,"Lauren, Christina",,"=""1982171111""","=""9781982171117""",5,4.01,Gallery Books,Paperback,416,2022,2021,2023/04/05,2023/03/18,,,read,,,,1,0
61767292,"Icebreaker (Maple Hills, #1)",Hannah  Grace,"Grace, Hannah",,"=""""","=""""",5,3.98,Pig & Bear Publishing,Kindle Edition,435,2022,2022,2023/03/29,2023/03/29,,,read,,,,1,0
61399138,Something Wild & Wonderful,Anita Kelly,"Kelly, Anita",,"=""1538754886""","=""9781538754887""",0,4.31,Forever,Paperback,384,2023,2023,,2023/03/19,to-read,to-read (#108),to-read,,,,0,0
58988426,Nora Goes Off Script,Annabel Monaghan,"Monaghan, Annabel",,"=""0593420039""","=""9780593420034""",0,4.14,G.P. Putnam's Sons,Hardcover,272,2022,2022,,2023/03/19,to-read,to-read (#107),to-read,,,,0,0
57370115,Highly Suspicious and Unfairly Cute,Talia Hibbert,"Hibbert, Talia",,"=""""","=""9780593482346""",0,3.76,Joy Revolution,ebook,336,2023,2023,,2023/03/19,to-read,to-read (#106),to-read,,,,0,0
57552438,And They Lived . . .,Steven Salvatore,"Salvatore, Steven",,"=""1547608196""","=""9781547608195""",0,3.98,Bloomsbury YA,Hardcover,384,2022,2022,,2023/03/19,to-read,to-read (#105),to-read,,,,0,0
58957683,"No Rings Attached (Ms. Right, #2)",Rachel Lacey,"Lacey, Rachel",,"=""1542037417""","=""9781542037419""",0,3.97,Montlake,Paperback,315,2022,2022,,2023/03/19,to-read,to-read (#104),to-read,,,,0,0
52915426,Something to Talk About,Meryl Wilsner,"Wilsner, Meryl",,"=""0593102525""","=""9780593102527""",0,3.65,Berkley Books,Paperback,336,2020,2020,,2023/03/19,to-read,to-read (#103),to-read,,,,0,0
52339313,"Cemetery Boys (Cemetery Boys, #1)",Aiden Thomas,"Thomas, Aiden",,"=""1250250463""","=""9781250250469""",0,4.29,Swoon Reads,Hardcover,344,2020,2020,,2023/03/19,to-read,to-read (#102),to-read,,,,0,0
59325385,Change Of Heart,Clare Lydon,"Lydon, Clare",,"=""""","=""""",0,3.82,Custard Books,ebook,,2021,2021,,2023/03/19,to-read,to-read (#101),to-read,,,,0,0
53180089,Meet Cute Diary,Emery   Lee,"Lee, Emery",,"=""0063038838""","=""9780063038837""",0,3.28,Quill Tree Books,Hardcover,391,2021,2021,,2023/03/19,to-read,to-read (#100),to-read,,,,0,0
58214336,I'm So Not Over You,Kosoko Jackson,"Jackson, Kosoko",,"=""0593334442""","=""9780593334447""",0,3.37,Berkley,Paperback,368,2022,2022,,2023/03/19,to-read,to-read (#99),to-read,,,,0,0
58756420,I Kissed Shara Wheeler,Casey McQuiston,"McQuiston, Casey",,"=""1250244455""","=""9781250244451""",0,3.92,St. Martin's Press,Hardcover,356,2022,2022,,2023/03/19,to-read,to-read (#98),to-read,,,,0,0
57188051,D'Vaughn and Kris Plan a Wedding,Chencia C. Higgins,"Higgins, Chencia C.",,"=""1335534946""","=""9781335534941""",0,4.03,Carina Adores,Paperback,336,2022,2022,,2023/03/19,to-read,to-read (#97),to-read,,,,0,0
49362138,Honey Girl,Morgan  Rogers,"Rogers, Morgan",,"=""""","=""""",0,3.69,Park Row Books,Kindle Edition,283,2021,2021,,2023/03/19,to-read,to-read (#96),to-read,,,,0,0
58437812,She Gets the Girl,Rachael Lippincott,"Lippincott, Rachael",Alyson Derrick,"=""1534493794""","=""9781534493797""",0,4.13,Simon & Schuster Books for Young Readers,Hardcover,384,2022,2022,,2023/03/19,to-read,to-read (#95),to-read,,,,0,0
57518631,"Read Between the Lines (Ms. Right, #1)",Rachel Lacey,"Lacey, Rachel",,"=""1542033543""","=""9781542033541""",0,3.76,Montlake,Paperback,331,2021,2021,,2023/03/19,to-read,to-read (#94),to-read,,,,0,0
60191114,My Killer Vacation,Tessa Bailey,"Bailey, Tessa",,"=""""","=""9798201353605""",0,3.65,,ebook,295,2022,2022,,2023/03/19,to-read,to-read (#93),to-read,,,,0,0
49203369,"Tools of Engagement (Hot & Hammered, #3)",Tessa Bailey,"Bailey, Tessa",,"=""0062872931""","=""9780062872937""",0,3.76,Avon,Paperback,368,2020,2020,,2023/03/19,to-read,to-read (#92),to-read,,,,0,0
44148563,"Love Her or Lose Her (Hot & Hammered, #2)",Tessa Bailey,"Bailey, Tessa",,"=""0062872869""","=""9780062872869""",0,3.64,Avon,ebook,336,2020,2020,,2023/03/19,to-read,to-read (#91),to-read,,,,0,0
60683957,Check & Mate,Ali Hazelwood,"Hazelwood, Ali",,"=""0593619919""","=""9780593619919""",0,4.07,G.P. Putnam's Sons Books for Young Readers,Paperback,352,2023,2023,,2023/03/14,to-read,to-read (#90),to-read,,,,0,0
56732449,The Love Hypothesis,Ali Hazelwood,"Hazelwood, Ali",,"=""0593336828""","=""9780593336823""",5,4.17,Berkley Books,Paperback,383,2021,2021,2021/12/28,2021/12/20,,,read,,,,3,0
53544752,Den of Vipers,K.A. Knight,"Knight, K.A.",,"=""""","=""""",2,3.61,,Kindle Edition,654,2020,2020,2023/02/06,2023/01/09,,,read,"Most books I read don't get a 2 star review. If I finish the book, it atleast held my interest to warrant 2.5 or 3 stars. But after the major(?) conflict resolved around the 75% mark, I wasn't sure why I was still reading anything. I thought ""well maybe this is a book where the last 10% is a preview of their next book."" NOPE! Listen, I enjoyed the spice. But if I have to hear ""We are vipers"" or ""I am a viper"" again, I will pull my hair out. I stopped reading with 55 pages left to read. And you know what? I don't think I missed anything. I'm not sure who K.A. Knight has editing and beta reading their books, but they need better people. This felt like a sloppy draft that hadn't been edited to make it readable.",,,1,0
54513688,"Realm Breaker (Realm Breaker, #1)",Victoria Aveyard,"Aveyard, Victoria",,"=""""","=""""",0,3.61,Orion Publishing,Kindle Edition,576,2021,2021,,2023/01/09,to-read,to-read (#89),to-read,,,,0,0
44063371,"Ninth House (Alex Stern, #1)",Leigh Bardugo,"Bardugo, Leigh",,"=""""","=""""",0,4.03,Gollancz,Kindle Edition,480,2019,2019,,2023/01/09,to-read,to-read (#88),to-read,,,,0,0
61193071,For Her Consideration,Amy Spalding,"Spalding, Amy",,"=""1496739515""","=""9781496739513""",0,3.78,Kensington,Paperback,320,2023,2023,,2023/01/09,to-read,to-read (#87),to-read,,,,0,0
50659472,"A Court of Wings and Ruin (A Court of Thorns and Roses, #3)",Sarah J. Maas,"Maas, Sarah J.",,"=""1635575605""","=""9781635575606""",5,4.46,Bloomsbury Publishing,Paperback,703,2020,2017,2023/01/08,2023/01/08,,,read,,,,1,0
50659468,"A Court of Mist and Fury (A Court of Thorns and Roses, #2)",Sarah J. Maas,"Maas, Sarah J.",,"=""1635575583""","=""9781635575583""",5,4.64,Bloomsbury Publishing,Paperback,624,2020,2016,2023/01/08,2023/01/08,,,read,,,,1,0
59808792,"Sorrow and Starlight (Zodiac Academy, #8)",Caroline Peckham,"Peckham, Caroline",Susanne Valenti,"=""""","=""""",0,4.07,Amazon Digital Services,Kindle Edition,1242,2022,2022,,2022/12/12,currently-reading,currently-reading (#3),currently-reading,,,,1,0
60092691,All I Want for Christmas,Maggie Knox,"Knox, Maggie",,"=""0735241120""","=""9780735241121""",0,3.21,Viking,Paperback,352,2022,2022,,2022/11/27,to-read,to-read (#86),to-read,,,,0,0
56315637,The Christmas Clash,Suzanne Park,"Park, Suzanne",,"=""1728248019""","=""9781728248011""",0,3.43,Sourcebooks Fire,Hardcover,368,2022,2022,,2022/11/27,to-read,to-read (#85),to-read,,,,0,0
60219836,Meet Me Under the Mistletoe,Jenny Bayliss,"Bayliss, Jenny",,"=""0593422228""","=""9780593422229""",0,3.50,G.P. Putnam's Sons,Paperback,417,2022,2022,,2022/11/27,to-read,to-read (#84),to-read,,,,0,0
59947625,The Christmas Wish,Lindsey Kelk,"Kelk, Lindsey",,"=""0008544646""","=""9780008544645""",0,3.92,HarperCollins,Paperback,352,2022,2022,,2022/11/27,to-read,to-read (#83),to-read,,,,0,0
60372440,The Rewind,Allison Winn Scotch,"Scotch, Allison Winn",,"=""0593546539""","=""9780593546536""",0,3.23,Berkley,Paperback,368,2022,2022,,2022/11/27,to-read,to-read (#82),to-read,,,,0,0
60097392,Once Upon a December,Amy E. Reichert,"Reichert, Amy E.",,"=""0593197798""","=""9780593197790""",0,3.51,Berkley,Paperback,336,2022,2022,,2022/11/27,to-read,to-read (#81),to-read,,,,0,0
60321485,Kiss Her Once for Me,Alison Cochrun,"Cochrun, Alison",,"=""1982191139""","=""9781982191139""",0,3.88,Atria,Paperback,368,2022,2022,,2022/11/27,to-read,to-read (#80),to-read,,,,0,0
57730503,"In the Event of Love (Fern Falls, #1)",Courtney Kae,"Kae, Courtney",,"=""1496738950""","=""9781496738950""",0,3.62,Kensington,Paperback,320,2022,2022,,2022/11/27,to-read,to-read (#78),to-read,,,,0,0
60021169,A Cat CafÃ© Christmas,Codi Gary,"Gary, Codi",,"=""1668612119""","=""9781668612118""",0,3.76,Forever,Audiobook,,2022,2022,,2022/11/27,to-read,to-read (#79),to-read,,,,0,0
60383010,Season of Love,Helena Greer,"Greer, Helena",,"=""1538706539""","=""9781538706534""",0,3.73,Forever,Paperback,384,2022,2022,,2022/11/27,to-read,to-read (#77),to-read,,,,0,0
60121411,A Merry Little Meet Cute,Julie   Murphy,"Murphy, Julie",Sierra Simone,"=""0063222574""","=""9780063222571""",0,3.39,Avon,Hardcover,418,2022,2022,,2022/11/27,to-read,to-read (#76),to-read,,,,0,0
43189874,"Well Met (Well Met, #1)",Jen DeLuca,"DeLuca, Jen",,"=""""","=""""",0,3.84,Berkley,Kindle Edition,335,2019,2019,,2022/11/14,to-read,to-read (#75),to-read,,,,0,0
27213238,The Hating Game,Sally  Thorne,"Thorne, Sally",,"=""""","=""""",0,3.91,William Morrow Paperbacks,Paperback,365,2016,2016,,2022/11/14,to-read,to-read (#74),to-read,,,,0,0
52602989,"Blindsided (Harris Brothers World, #2)",Amy Daws,"Daws, Amy",,"=""1944565299""","=""9781944565299""",0,4.08,"Amy Daws, LLC",Kindle Edition,322,2019,2019,,2022/11/14,to-read,to-read (#73),to-read,,,,0,0
17167166,"Crown of Midnight (Throne of Glass, #2)",Sarah J. Maas,"Maas, Sarah J.",,"=""1619630621""","=""9781619630628""",0,4.35,Bloomsbury USA Childrens,Hardcover,420,2013,2013,,2022/04/02,currently-reading,currently-reading (#2),currently-reading,,,,1,0
7896527,"Throne of Glass (Throne of Glass, #1)",Sarah J. Maas,"Maas, Sarah J.",,"=""""","=""""",4,4.19,Bloomsbury USA Children's,Hardcover,406,2012,2012,2022/10/19,2021/12/20,,,read,,,,1,0
42201431,"The Unhoneymooners (Unhoneymooners, #1)",Christina Lauren,"Lauren, Christina",,"=""""","=""""",5,3.93,Gallery Books,Paperback,432,2019,2019,2022/10/04,2022/10/04,,,read,,,,1,0
53369734,Weather Girl,Rachel Lynn Solomon,"Solomon, Rachel Lynn",,"=""0593200144""","=""9780593200148""",5,3.64,Berkley,Paperback,336,2022,2022,2022/09/30,2022/07/14,,,read,,,,1,0
39854434,"Fix Her Up (Hot & Hammered, #1)",Tessa Bailey,"Bailey, Tessa",,"=""0062872842""","=""9780062872845""",4,3.62,Avon,ebook,400,2019,2019,2022/09/17,2022/09/03,,,read,"This was an incredibly spicy book! I enjoyed it and read it super fast. I'm unsure if I liked it as muched as It Happened One Summer or Hook, Line, and Sinker but still a good book. Would still recommend!",,,1,0
45754807,The Jetsetters,Amanda Eyre Ward,"Ward, Amanda Eyre",,"=""039918189X""","=""9780399181894""",0,3.09,Ballantine Books,Hardcover,352,2020,2020,,2022/09/06,to-read,to-read (#71),to-read,,,,0,0
58950955,The Godparent Trap,Rachel Van Dyken,"Dyken, Rachel Van",,"=""1538720531""","=""9781538720530""",5,3.75,Forever,Paperback,333,2022,2022,2022/09/04,2022/09/04,,,read,,,,1,0
41945163,"The Friend Zone (The Friend Zone, #1)",Abby Jimenez,"Jimenez, Abby",,"=""""","=""9781538715628""",4,3.89,Forever (Grand Central Publishing),ebook,372,2019,2019,2022/09/02,2022/07/14,,,read,,,,1,0
59571699,Love on the Brain,Ali Hazelwood,"Hazelwood, Ali",,"=""1408725789""","=""""",5,3.93,Sphere,Kindle Edition,368,2022,2022,2022/08/23,2021/12/28,,,read,This book was so worth the wait! Devoured it in a day! Ali Hazelwood had officially claimed her spot next to Emily Henry and Helen Hoang as long ne of my favorite romance/rom com authors! Highly recommend!!!,,,1,0
61918479,"Yours Truly (Part of Your World, #2)",Abby Jimenez,"Jimenez, Abby","Kyla Garcia, Zachary Weber","=""1549135139""","=""9781549135132""",0,4.34,Forever,Audiobook,11,2023,2023,,2022/08/22,to-read,to-read (#70),to-read,,,,0,0
58684524,"Part of Your World (Part of Your World, #1)",Abby Jimenez,"Jimenez, Abby",,"=""1538704374""","=""9781538704370""",5,4.32,Forever,Paperback,400,2022,2022,2022/08/21,2022/07/14,,,read,I could not put this book down!!! I started it late last night and stayed up way too long reading. Finished in less than 24 hours. SO good! Highly recommend to any romance reader! You will not be disappointed!,,,1,0
58885776,The Dead Romantics,Ashley Poston,"Poston, Ashley",,"=""0593336488""","=""9780593336489""",5,3.96,Berkley ,Paperback,368,2022,2022,2022/08/19,2022/07/12,,,read,There aren't enough words and not enough stars to rate this book. I loved it so much and it was not what I was expecting at all! Definitely my favorite top three of the year next two two Emily Henry books. So. Freaking. Good!!!,,,1,0
59345243,"Chef's Kiss (Chef's Kiss, #1)",T.J.   Alexander,"Alexander, T.J.",,"=""1982189088""","=""9781982189082""",4,3.70,Emily Bestler Books,Paperback,308,2022,2022,2022/08/17,2022/08/12,,,read,,,,1,0
58323892,"Husband Material (London Calling, #2)",Alexis  Hall,"Hall, Alexis",,"=""1728250943""","=""""",0,3.57,Sourcebooks Casablanca,Kindle Edition,423,2022,2022,,2022/03/26,currently-reading,currently-reading (#1),currently-reading,,,,1,0
57693430,"A Brush with Love (A Brush with Love, #1)",Mazey Eddings,"Eddings, Mazey",,"=""1250805988""","=""9781250805980""",5,3.68,Griffin,Paperback,324,2022,2022,2022/07/29,2022/07/14,,,read,,,,1,0
54326395,"The Dating Plan (Marriage Game, #2)",Sara Desai,"Desai, Sara",,"=""0593100581""","=""9780593100585""",4,3.64,Berkley,Paperback,352,2021,2021,2022/07/24,2022/07/16,,,read,"Okay listen, I loved this book! I liked it a WHOLE lot more than The Marriage Game. The only reason this didn't get 5 stars was because as a hockey fan, I could not handle when they said halftime FOUR TIMES IN FIVE PAGES! There is no half time in hockey! I can understand one slip, I can understand if the author didn't catch this, but the editors and the publisher?! How did so many people miss this?! There are three periods. There are two intermissions. There is NO HALFTIME!!! <br/><br/>Okay rant over. Besides that, I loved this book ",,,1,0
51588815,The Marriage Game (Marriage Game #1),Sara Desai,"Desai, Sara",,"=""0593100565""","=""9780593100561""",4,3.52,Berkley,Paperback,338,2020,2020,2022/07/23,2022/07/14,,,read,,,,1,0
57246632,"The Singles Table (Marriage Game, #3)",Sara Desai,"Desai, Sara",,"=""0593100603""","=""9780593100608""",0,3.71,Berkley,Paperback,322,2021,2021,,2022/07/16,to-read,to-read (#69),to-read,,,,0,0
50520939,"The Atlas Six (The Atlas, #1)",Olivie Blake,"Blake, Olivie",,"=""""","=""""",0,3.63,,Kindle Edition,556,2020,2020,,2021/12/20,to-read,to-read (#68),to-read,,,,0,0
12000020,"Aristotle and Dante Discover the Secrets of the Universe (Aristotle and Dante, #1)",Benjamin Alire SÃ¡enz,"SÃ¡enz, Benjamin Alire",,"=""1442408928""","=""9781442408920""",0,4.32,Simon & Schuster Books for Young Readers,Hardcover,390,2012,2012,,2022/07/11,to-read,to-read (#67),to-read,,,,0,0
55871316,So We Meet Again,Suzanne Park,"Park, Suzanne",,"=""0062990713""","=""9780062990716""",0,3.50,Avon,Paperback,339,2021,2021,,2022/07/14,to-read,to-read (#66),to-read,,,,0,0
57558144,"With You Forever (Bergman Brothers, #4)",Chloe Liese,"Liese, Chloe",,"=""""","=""""",0,4.14,Chloe Liese,Kindle Edition,350,2021,2021,,2022/07/14,to-read,to-read (#65),to-read,,,,0,0
58733693,Remarkably Bright Creatures,Shelby Van Pelt,"Pelt, Shelby Van",,"=""0063204150""","=""9780063204157""",0,4.42,Ecco,Hardcover,360,2022,2022,,2022/07/14,to-read,to-read (#64),to-read,,,,0,0
58724801,The Bodyguard,Katherine Center,"Center, Katherine",,"=""1250219396""","=""9781250219398""",5,4.00,St. Martin's Press,Hardcover,309,2022,2022,2022/07/13,2022/07/13,,,read,"I got an advanced copy of this book in my Book of the Month subscription box. I really enjoyed it! Do I normally like my rom coms spicier? Yes. But was this a fantastic read  that I basically read in a day? Yes! I really liked the character development and how the story moved. The one critism I have is that the MC is established as a bad ass who is always aware of her surroundings but as soon as she gets to the ranch it feels like all of that character development goes out the window. I know why they did it for the story but I didnt like what it did for the characters. Besides that, this was a fantastic book. Definitely recommend!",,,1,0
52739476,The Love Study (The Love Study #1),Kris Ripper,"Ripper, Kris",,"=""1488076863""","=""9781488076862""",0,3.51,Carina Press,ebook,,2020,2020,,2022/07/12,to-read,to-read (#63),to-read,,,,0,0
58283080,"Hook, Line, and Sinker (Bellinger Sisters, #2)",Tessa Bailey,"Bailey, Tessa",,"=""0063045699""","=""9780063045699""",5,3.95,Avon,Paperback,400,2022,2022,2022/07/11,2022/07/07,,,read,,,,1,0
55659629,"It Happened One Summer (Bellinger Sisters, #1)",Tessa Bailey,"Bailey, Tessa",,"=""0063045656""","=""9780063045651""",5,3.98,Avon,Paperback,385,2021,2021,2022/07/06,2022/07/04,,,read,,,,1,0
58724787,"Booked on a Feeling (A Sweet Mess, #3)",Jayci Lee,"Lee, Jayci",,"=""1250621143""","=""9781250621146""",0,3.32,St. Martin's Griffin,Paperback,312,2022,2022,,2022/07/04,to-read,to-read (#62),to-read,,,,0,0
58950653,The Godparent Trap,Rachel Van Dyken,"Dyken, Rachel Van","Jacob York, Maria Liatis","=""1549166204""","=""9781549166204""",0,3.75,Forever,Audiobook,8,2022,2022,,2022/07/04,to-read,to-read (#61),to-read,,,,0,0
59447597,Nothing But the Truth,Holly   James,"James, Holly",,"=""0593186508""","=""9780593186503""",0,3.56,Dutton,Paperback,304,2022,2022,,2022/07/04,to-read,to-read (#60),to-read,,,,0,0
56793220,Bet on It,Jodie Slaughter,"Slaughter, Jodie",,"=""1250821827""","=""9781250821829""",0,3.55,St. Martin's,Paperback,320,2022,2022,,2022/07/04,to-read,to-read (#59),to-read,,,,0,0
59410616,Circling Back To You,Julie Tieu,"Tieu, Julie",,"=""0063069849""","=""9780063069848""",0,3.25,Avon,Paperback,352,2022,2022,,2022/07/04,to-read,to-read (#58),to-read,,,,0,0
60382962,Good on Paper (-),Valerie Tejeda,"Tejeda, Valerie",,"=""1472294203""","=""9781472294203""",0,3.53,Headline Eternal,Paperback,304,2022,,,2022/07/04,to-read,to-read (#57),to-read,,,,0,0
58724897,The Sizzle Paradox,Lily Menon,"Menon, Lily",,"=""1250801230""","=""9781250801234""",0,3.18,St. Martin's Griffin,Paperback,304,2022,2022,,2022/07/04,to-read,to-read (#56),to-read,,,,0,0
59089883,A Thousand Miles,Bridget Morrissey,"Morrissey, Bridget",,"=""0593201175""","=""9780593201176""",0,3.56,Berkley,Paperback,368,2022,2022,,2022/07/04,to-read,to-read (#55),to-read,,,,0,0
59088370,On Rotation,Shirlene Obuobi,"Obuobi, Shirlene",,"=""0063209144""","=""9780063209145""",0,3.67,Avon,Hardcover,352,2022,2022,,2022/07/04,to-read,to-read (#54),to-read,,,,0,0
58724876,Fake It Till You Bake It,Jamie Wesley,"Wesley, Jamie",,"=""1250801850""","=""9781250801852""",0,3.60,Griffin,Paperback,336,2022,2022,,2022/07/04,to-read,to-read (#53),to-read,,,,0,0
59575950,"Thank You, Next",Andie J. Christopher,"Christopher, Andie J.",,"=""0593200063""","=""9780593200063""",0,3.10,Berkley,Paperback,304,2022,2022,,2022/07/04,to-read,to-read (#52),to-read,,,,0,0
59029665,How to Fake It in Hollywood,Ava Wilder,"Wilder, Ava",,"=""0593358953""","=""9780593358955""",0,3.69,Dell,Paperback,368,2022,2022,,2022/07/04,to-read,to-read (#51),to-read,,,,0,0
58230280,On Location,Sarah Echavarre Smith,"Smith, Sarah Echavarre",Sarah        Smith,"=""""","=""""",0,3.48,Berkley,Kindle Edition,349,2021,2021,,2022/07/04,to-read,to-read (#50),to-read,,,,0,0
55424906,"Here's to Us (What If It's Us, #2)",Becky Albertalli,"Albertalli, Becky",Adam Silvera,"=""0063071657""","=""9780063071650""",5,4.04,Quill Tree Books,ebook,448,2021,2021,2022/06/19,2022/06/16,,,read,Here's To Us feels like it actually happened. This book even more so than What If It's Us feels like friends telling you their actual story. It feels like how relationships happen in the world and how we often miss signals from others and how relationships come together in the ways that they do. I really loved this book and these characters feel more real than a lot of other books I've read. Highly recommend!,,,1,0
36341204,"What If It's Us (What If It's Us, #1)",Becky Albertalli,"Albertalli, Becky",Adam Silvera,"=""0062795252""","=""9780062795250""",5,3.83,HarperTeen,Hardcover,437,2018,2018,2022/06/16,2022/06/11,,,read,,,,1,0
58690308,Book Lovers,Emily Henry,"Henry, Emily",,"=""""","=""""",5,4.15,Berkley,Hardcover,377,2022,2022,2022/06/11,2022/05/25,,,read,"I truly loved this book. And as this is the third book I've read by Emily Henry, I think she is now one of my favorite authors. As a woman who grew up knowing she always wanted to live in a city and has her entire adult life, this book has reasonated with me in a way that other books have not. I cannot wait to read what Henry writes next and this might be my next re-read book. So good!!!",,,1,0
54659771,"Neon Gods (Dark Olympus, #1)",Katee Robert,"Robert, Katee",,"=""1728231736""","=""9781728231730""",0,3.71,Sourcebooks Casablanca,Paperback,380,2021,2021,,2021/12/20,to-read,to-read (#49),to-read,,,,0,0
54985743,People We Meet on Vacation,Emily Henry,"Henry, Emily",,"=""1984806750""","=""9781984806758""",5,3.89,Berkley,Paperback,364,2021,2021,2022/06/02,2022/05/25,,,read,,,,1,0
55648824,Satisfaction Guaranteed,Karelia Stetz-Waters,"Stetz-Waters, Karelia",,"=""1538735520""","=""9781538735527""",3,3.86,Forever,Paperback,336,2021,2021,2022/05/27,2022/04/10,,,read,I honestly didn't know what to rate this book. There were things I really liked about it but I didn't feel any tension in this book. I did enjoy reading it but it felt like it was kinda of the same energy throughout the whole book. Yet I was still invested enough to finish the story. So maybe it's just a decent book. Not great but also not bad.,,,1,0
50225678,"Boyfriend Material (London Calling, #1)",Alexis  Hall,"Hall, Alexis",,"=""1728206146""","=""9781728206141""",4,4.03,Sourcebooks Casablanca,Paperback,425,2020,2020,2022/05/24,2022/01/01,,,read,,,,1,0
51824384,"Act Your Age, Eve Brown (The Brown Sisters, #3)",Talia Hibbert,"Hibbert, Talia",,"=""0062941283""","=""9780062941282""",5,4.12,Avon,ebook,400,2021,2021,2022/05/17,2022/05/15,,,read,,,,1,0
49976087,"Take a Hint, Dani Brown (The Brown Sisters, #2)",Talia Hibbert,"Hibbert, Talia",,"=""0062941259""","=""9780062941251""",5,4.03,Avon,ebook,400,2020,2020,2022/05/05,2021/12/20,,,read,I cannot remember the last time a book made me laugh this hard! I literally was crying with laughter. This book also made me cry during the vulnerable moments too. LOVED the main characters Dani and Zaf and this was even better than the first in the series!<br/>Highly recommend!,,,1,0
43884209,"Get a Life, Chloe Brown (The Brown Sisters, #1)",Talia Hibbert,"Hibbert, Talia",,"=""0062941208""","=""9780062941206""",5,3.82,Avon,Paperback,384,2019,2019,2022/05/02,2022/05/01,,,read,,,,1,0
60666420,Falling For Your Best Friend is Hard (Falling For You #1),S.C.   Jones,"Jones, S.C.",,"=""""","=""9798436672328""",0,3.62,Amazon,Paperback,337,2022,,,2022/05/02,to-read,to-read (#48),to-read,,,,0,0
54756850,"Delilah Green Doesn't Care (Bright Falls, #1)",Ashley Herring Blake,"Blake, Ashley Herring",,"=""0593336402""","=""9780593336403""",5,4.11,Berkley,Paperback,375,2022,2022,2022/04/30,2022/04/10,,,read,,,,1,0
52867387,Beach Read,Emily Henry,"Henry, Emily",,"=""1984806734""","=""9781984806734""",5,4.02,Berkley,Paperback,400,2020,2020,2022/04/28,2022/03/30,,,read,Wow. This book lived up to the hype and definitely felt like a different kind of rom com. My spouse has a very similar feel to Gus and I was laughing and crying throughout this book. Highly recommend and now want to read everything else Emily Henry has written!,,,1,0
55297669,Love & Other Disasters,Anita Kelly,"Kelly, Anita",,"=""1538754851""","=""""",5,3.82,Forever,Kindle Edition,384,2022,2022,2022/04/21,2022/04/10,,,read,,,,1,0
53401676,Excuse Me While I Ugly Cry,Joya Goffney,"Goffney, Joya",,"=""0063024810""","=""9780063024816""",0,4.09,HarperTeen,ebook,368,2021,2021,,2022/04/20,to-read,to-read (#47),to-read,,,,0,0
60527571,"The Cursed And The Broken  (The Cursed Blood, #1)",Chloe Hodge,"Hodge, Chloe",,"=""""","=""""",0,3.90,,Hardcover,380,2022,2022,,2022/04/17,to-read,to-read (#46),to-read,,,,0,0
57007401,"Dating Dr. Dil (If Shakespeare Was an Auntie, #1)",Nisha Sharma,"Sharma, Nisha",,"=""0063001101""","=""9780063001107""",5,3.62,Avon,Paperback,364,2022,2022,2022/04/17,2022/03/30,,,read,,,,1,0
54189398,"The Spanish Love Deception (Spanish Love Deception, #1)",Elena  Armas,"Armas, Elena",,"=""1668002531""","=""9781668002537""",5,3.85,Elena Armas,ebook,487,2021,2021,2022/04/14,2022/04/10,,,read,,,,1,0
53103895,One to Watch,Kate Stayman-London,"Stayman-London, Kate",,"=""0525510443""","=""9780525510444""",4,3.89,Dial Press,Paperback,417,2020,2020,2022/04/12,2022/04/10,,,read,,,,1,0
57127277,Kaikeyi,Vaishnavi Patel,"Patel, Vaishnavi",,"=""0759557330""","=""9780759557338""",0,4.20,Redhook,Hardcover,478,2022,2022,,2022/04/10,to-read,to-read (#45),to-read,,,,0,0
60395235,"Night and Day (Love New Zealand, #3)",Enni Amanda,"Amanda, Enni",,"=""""","=""""",5,4.36,Lumi Publishing,ebook,,2022,,2022/04/10,2022/04/10,,,read,"Sometimes a book comes out of nowhere and hits you right in the core. This book did that for me. I've been reading a lot of romance and rom com novels recently and they have started to feel the same. This one felt different.  There was magic between these characters, there was a story I haven't seen. There were places I've never been. I got completely lost in this one. I highly recommend this book, along with the playlist curated for it.<br/><br/>I received an advanced review copy for free and I am looking leaving this review voluntarily.  But I also loved it so much I'm purchasing my own copy so I can reread this amazing story.",,,1,0
58079450,"Count Your Lucky Stars (Written in the Stars, #3)",Alexandria Bellefleur,"Bellefleur, Alexandria",,"=""0063000881""","=""9780063000889""",0,3.98,Avon,Paperback,384,2022,2022,,2022/04/03,to-read,to-read (#44),to-read,,,,0,0
55004138,"Hang the Moon (Written in the Stars, #2)",Alexandria Bellefleur,"Bellefleur, Alexandria",,"=""0063000849""","=""9780063000841""",0,3.81,Avon,Paperback,384,2021,2021,,2022/04/03,to-read,to-read (#43),to-read,,,,0,0
51179990,"Written in the Stars (Written in the Stars, #1)",Alexandria Bellefleur,"Bellefleur, Alexandria",,"=""0063000806""","=""9780063000803""",4,3.88,Avon,Paperback,370,2020,2020,2022/04/03,2022/04/02,,,read,,,,1,0
31450852,"Tower of Dawn (Throne of Glass, #6)",Sarah J. Maas,"Maas, Sarah J.",,"=""1681195771""","=""9781681195773""",0,4.27,Bloomsbury USA Childrens,Hardcover,660,2017,2017,,2022/04/02,to-read,to-read (#42),to-read,,,,0,0
18243700,"The Assassin's Blade (Throne of Glass, #0.1-0.5)",Sarah J. Maas,"Maas, Sarah J.",,"=""""","=""""",0,4.27,Bloomsbury Childrens,ebook,448,2014,2014,,2022/04/02,to-read,to-read (#41),to-read,,,,0,0
33590260,"Kingdom of Ash (Throne of Glass, #7)",Sarah J. Maas,"Maas, Sarah J.",,"=""1619636107""","=""9781619636101""",0,4.66,Bloomsbury YA,Hardcover,980,2018,2018,,2022/04/02,to-read,to-read (#40),to-read,,,,0,0
28260587,"Empire of Storms (Throne of Glass, #5)",Sarah J. Maas,"Maas, Sarah J.",,"=""""","=""""",0,4.60,Bloomsbury Children's Books,Hardcover,689,2016,2016,,2022/04/02,to-read,to-read (#39),to-read,,,,0,0
18006496,Queen of Shadows (Throne of Glass #4),Sarah J. Maas,"Maas, Sarah J.",,"=""1619636042""","=""9781619636040""",0,4.58,Bloomsbury USA Childrens,Hardcover,648,2015,2015,,2022/04/02,to-read,to-read (#38),to-read,,,,0,0
20613470,Heir of Fire (Throne of Glass #3),Sarah J. Maas,"Maas, Sarah J.",,"=""1619630656""","=""9781619630659""",0,4.46,Bloomsbury YA,Hardcover,565,2014,2014,,2022/04/02,to-read,to-read (#37),to-read,,,,0,0
60437961,Latte for Leyla (Pier 3 Coffee #3),Melanie   Greene,"Greene, Melanie",,"=""""","=""9781941967294""",4,4.57,,ebook,,2022,,2022/03/31,2022/03/30,,,read,,,,1,0
58395050,"Yinka, Where Is Your Huzband?",Lizzie Damilola Blackburn,"Blackburn, Lizzie Damilola",,"=""0593299000""","=""9780593299005""",0,3.77,Pamela Dorman Books,Hardcover,384,2022,2022,,2022/03/30,to-read,to-read (#36),to-read,,,,0,0
50056075,"The Heart Principle (The Kiss Quotient, #3)",Helen Hoang,"Hoang, Helen",,"=""0451490843""","=""9780451490841""",4,3.96,Berkley,Paperback,339,2021,2021,2022/03/26,2022/03/25,,,read,,,,1,0
39338454,"The Bride Test (The Kiss Quotient, #2)",Helen Hoang,"Hoang, Helen",,"=""0451490827""","=""9780451490827""",4,3.84,Berkley,Paperback,296,2019,2019,2022/03/23,2022/03/22,,,read,,,,1,0
36199084,"The Kiss Quotient (The Kiss Quotient, #1)",Helen Hoang,"Hoang, Helen",,"=""0451490819""","=""""",5,3.91,Berkley,Kindle Edition,323,2018,2018,2022/03/22,2022/03/21,,,read,,,,1,0
56898248,"The Charm Offensive (The Charm Offensive, #1)",Alison Cochrun,"Cochrun, Alison",,"=""1982170719""","=""9781982170714""",5,4.16,Atria,Paperback,354,2021,2021,2022/03/20,2022/03/17,,,read,"Queer representation? Check! <br/>Mental illness/health representation? Check!<br/>Neurodivergent representation? Check!<br/><br/>This book covered it all but not in the way to just hit on them, but more to make these real living characters. These characters feel so three dimensional, it's hard not to feel like you are friends with them by the end of the book. Super fast and fun read and really let's the audience feel seen. Thank you for this gem of a book!",,,1,0
32620332,The Seven Husbands of Evelyn Hugo,Taylor Jenkins Reid,"Reid, Taylor Jenkins",,"=""1501139231""","=""9781501139239""",5,4.43,Atria Books,Hardcover,389,2017,2017,2022/03/17,2022/03/14,,,read,,,,1,0
49694080,Ties That Tether,Jane Igharo,"Igharo, Jane",,"=""0593101944""","=""9780593101940""",5,3.79,Berkley,Paperback,306,2020,2020,2022/03/14,2022/03/13,,,read,"If you love rom coms, you will love this book. If you want more diversity in your reading, you will love this book. If you love a quick read that will keep you up all night, with the ""will they? won't they?"", you will love this book. I loved this book. Does it have some troupes? Absolutely but it also leans into them and knows that they are there. It is just as much a story about family and immigration and forgiveness as it is about love. This is the perfect book to take on vacation and make you feel all of the feels. Even though I knew how some of it would go, I still cried. Excellent writing. ",,,1,0
57658071,"The Fine Print (Dreamland Billionaires, #1)",Lauren Asher,"Asher, Lauren",,"=""""","=""""",0,3.88,,Kindle Edition,450,2021,2021,,2022/03/04,to-read,to-read (#35),to-read,,,,0,0
60215299,The Immortality Trials (The Immortality Trials Trilogy #1),Madison   Nicole,"Nicole, Madison",,"=""""","=""""",5,4.02,,Kindle Edition,465,2022,,2022/03/03,2022/02/22,,,read,"Wow! I will first be upfront that I received an ARC of this book this week when I came across Madison's TikTok. <br/><br/>Let me say that this book was incredible and everything I wanted out of an urban fantasy novel. Think Triwizard Tournament meets Hunger Games meets the second half of ACOTAR. Add in found family, strong world building, and a story that sucks you in and keeps you up late reading and truly feels like a new adult novel. I mean, what more could I have possibly want in a book?!<br/><br/>I can't wait to see what comes next from Madison Nicole and if this is her debut novel, then I think she is one to watch!<br/><br/>So highly recommend! Go pre-order this book! I honestly believe you will love it!",,,1,0
54841240,Deep in Providence,Riss M. Neilson,"Neilson, Riss M.",,"=""""","=""""",0,3.96,Henry Holt,Hardcover,480,2022,2022,,2022/03/01,to-read,to-read (#34),to-read,,,,0,0
27362503,"It Ends with Us (It Ends with Us, #1)",Colleen Hoover,"Hoover, Colleen",,"=""""","=""""",2,4.20,Atria Books,Kindle Edition,386,2016,2016,2021/12/30,2021/12/20,,,read,"Read the content warnings for this book before reading.<br/><br/>I'm going to be honest here. This book was not for me. It felt like Hoover wrote down any and every traumatic thing she could think of and was like ""let's make these plot points!"" It honestly felt like she was trying to be shocking for the sake of being shocking. Maybe this book is for some people but it wasn't for me. I'm honestly not sure if I would read another Hoover book if they are all like this.",,,2,0
56474282,"Heartless Sky (Zodiac Academy, #7)",Caroline Peckham,"Peckham, Caroline",Susanne Valenti,"=""""","=""""",5,4.29,Amazon Digital Services,Kindle Edition,716,2021,2021,2022/02/21,2022/02/17,,,read,,,,1,0
53535526,"Fated Throne (Zodiac Academy, #6)",Caroline Peckham,"Peckham, Caroline",Susanne Valenti,"=""""","=""""",4,4.40,,Kindle Edition,823,2020,2020,2022/02/17,2022/02/12,,,read,,,,1,0
50391615,"Cursed Fates (Zodiac Academy, #5)",Caroline Peckham,"Peckham, Caroline",Susanne Valenti,"=""""","=""""",4,4.36,,Kindle Edition,886,2020,2021,2022/02/12,2022/02/09,,,read,,,,1,0
53146871,"Shadow Princess (Zodiac Academy, #4)",Caroline Peckham,"Peckham, Caroline",Susanne Valenti,"=""""","=""""",4,4.31,,Kindle Edition,724,2020,2020,2022/02/08,2022/02/06,,,read,,,,1,0
49551172,"The Reckoning (Zodiac Academy, #3)",Caroline Peckham,"Peckham, Caroline",Susanne Valenti,"=""""","=""""",4,4.37,,Kindle Edition,561,2019,2019,2022/02/06,2022/02/04,,,read,,,,1,0
51966347,"Ruthless Fae (Zodiac Academy, #2)",Caroline Peckham,"Peckham, Caroline",Susanne Valenti,"=""""","=""""",4,4.26,,Kindle Edition,475,2019,2019,2022/02/04,2022/02/02,,,read,,,,1,0
52346471,Firekeeper's Daughter,Angeline Boulley,"Boulley, Angeline",,"=""""","=""""",5,4.34,"Henry, Holt and Co. (BYR)",Hardcover,496,2021,2021,2022/01/30,2021/12/20,,,read,,,,1,0
46261182,"The Awakening (Zodiac Academy, #1)",Caroline Peckham,"Peckham, Caroline",Susanne Valenti,"=""""","=""""",3,3.90,Dark Ink Publishing,Kindle Edition,436,2019,2019,2022/02/02,2022/02/01,,,read,"Is this the best written series? No. Did I also stay up until 4am reading it? Yes! You will definitely get sucked into these and as long as you know going in that this will not be the best written series, I think you will have fun reading them too.",,,1,0
50158128,"Raybearer (Raybearer, #1)",Jordan Ifueko,"Ifueko, Jordan",,"=""1419739824""","=""9781419739828""",0,4.35,Amulet Books,Hardcover,343,2020,2020,,2022/01/26,to-read,to-read (#33),to-read,,,,0,0
50892338,"Legendborn (Legendborn, #1)",Tracy Deonn,"Deonn, Tracy",,"=""1534441603""","=""9781534441606""",0,4.37,Margaret K. McElderry Books,Hardcover,501,2020,2020,,2022/01/26,to-read,to-read (#32),to-read,,,,0,0
58293924,"Book of Night (Book of Night, #1)",Holly Black,"Black, Holly",,"=""1250812194""","=""9781250812193""",0,3.54,Tor Books,Hardcover,304,2022,2022,,2022/01/01,to-read,to-read (#24),to-read,,,,0,0
57973453,Not Book Club Material,Aaron Zevy,"Zevy, Aaron",,"=""""","=""""",0,4.04,,Kindle Edition,154,2021,2021,,2022/01/24,to-read,to-read (#31),to-read,,,,0,0
58375739,Will,Will  Smith,"Smith, Will",Mark Manson,"=""1984877925""","=""9781984877925""",0,4.27,Penguin Press,Hardcover,418,2021,2021,,2022/01/24,to-read,to-read (#30),to-read,,,,0,0
36896898,Spinning Silver,Naomi Novik,"Novik, Naomi",,"=""""","=""""",0,4.20,Del Rey,Kindle Edition,465,2018,2018,,2022/01/24,to-read,to-read (#29),to-read,,,,0,0
54860443,One Last Stop,Casey McQuiston,"McQuiston, Casey",,"=""1250244498""","=""9781250244499""",5,3.94,Griffin,Paperback,418,2021,2021,2022/01/24,2022/01/24,,,read,"Loved this book. I had already read Red, White, and Royal Blue so I was excited to read this. Honestly, I love this book way more! I love the added genre on top of romance (won't spoil it for you). The queer history in the book is well done and really felt like a lovely way of honoring our queer siblings who came before us. Highly recommend!",,,1,0
44084762,"Our Violent Ends (These Violent Delights, #2)",Chloe Gong,"Gong, Chloe",,"=""1529344565""","=""9781529344561""",4,4.34,Hodder & Stoughton,Hardcover,494,2021,2021,2022/01/20,2022/01/01,,,read,,,,1,0
58064046,Gallant,V.E. Schwab,"Schwab, V.E.",Manuel Sumberac,"=""0062835777""","=""9780062835772""",0,3.73,Greenwillow Books,Hardcover,338,2022,2022,,2022/01/18,to-read,to-read (#28),to-read,,,,0,0
50892212,"These Violent Delights (These Violent Delights, #1)",Chloe Gong,"Gong, Chloe",,"=""1534457690""","=""9781534457690""",4,3.87,Margaret K. McElderry Books,Hardcover,449,2020,2020,2022/01/15,2022/01/01,,,read,,,,1,0
40275288,"The Priory of the Orange Tree (The Roots of Chaos, #1)",Samantha    Shannon,"Shannon, Samantha",,"=""""","=""""",0,4.21,Bloomsbury Publishing,Kindle Edition,848,2019,2019,,2021/12/20,to-read,to-read (#27),to-read,,,,0,0
53138095,"A â€‹Court of Silver Flames (A Court of Thorns and Roses, #4)",Sarah J. Maas,"Maas, Sarah J.",,"=""168119628X""","=""9781681196282""",4,4.46,Bloomsbury Publishing,Hardcover,757,2021,2021,2021/12/25,2021/12/20,,,read,,,,1,0
54110456,"The Scratch Daughters (Scapegracers, #2)",H.A. Clarke,"Clarke, H.A.",,"=""1645660176""","=""9781645660170""",0,4.48,Erewhon,Hardcover,424,2022,2022,,2022/01/01,to-read,to-read (#26),to-read,,,,0,0
58438576,Tell Me an Ending,Jo Harkin,"Harkin, Jo",,"=""1982164328""","=""9781982164324""",0,3.64,Scribner,Hardcover,448,2022,2022,,2022/01/01,to-read,to-read (#25),to-read,,,,0,0
57789637,"Daughter of the Moon Goddess (The Celestial Kingdom Duology, #1)",Sue Lynn Tan,"Tan, Sue Lynn",Kuri Huang,"=""0063031302""","=""9780063031302""",0,4.13,Harper Voyager,Hardcover,503,2022,2022,,2022/01/01,to-read,to-read (#23),to-read,,,,0,0
31076583,"A Court of Frost and Starlight (A Court of Thorns and Roses, #3.5)",Sarah J. Maas,"Maas, Sarah J.",,"=""168119631X""","=""9781681196312""",4,3.78,Bloomsbury YA,Hardcover,229,2018,2018,2021/12/21,2021/12/20,,,read,,,,1,0
25489134,"The Bear and the Nightingale (The Winternight Trilogy, #1)",Katherine Arden,"Arden, Katherine",,"=""1101885939""","=""9781101885932""",0,4.10,Del Rey,Hardcover,319,2017,2017,,2021/12/20,to-read,to-read (#22),to-read,,,,0,0
29749098,Catwoman: Soulstealer,Sarah J. Maas,"Maas, Sarah J.",,"=""0399549692""","=""9780399549694""",0,4.08,Random House Books for Young Readers,Hardcover,384,2018,2018,,2021/12/20,to-read,to-read (#21),to-read,,,,0,0
50548197,"A Deadly Education (The Scholomance, #1)",Naomi Novik,"Novik, Naomi",,"=""0593128486""","=""9780593128480""",0,3.98,Del Rey,Hardcover,336,2020,2020,,2021/12/20,to-read,to-read (#20),to-read,,,,0,0
35155381,"Song of the Forever Rains (Mousai, #1)",E.J. Mellow,"Mellow, E.J.",,"=""1542026059""","=""""",0,3.96,Montlake,Kindle Edition,423,2021,2021,,2021/12/20,to-read,to-read (#19),to-read,,,,0,0
20820994,I'll Give You the Sun,Jandy Nelson,"Nelson, Jandy",,"=""0803734964""","=""9780803734968""",0,4.16,Dial Books,Hardcover,371,2014,2014,,2021/12/20,to-read,to-read (#18),to-read,,,,0,0
56860834,"Dance of a Burning Sea (Mousai, #2)",E.J. Mellow,"Mellow, E.J.",,"=""1542026083""","=""9781542026086""",0,4.29,Montlake,Paperback,511,2021,2021,,2021/12/20,to-read,to-read (#17),to-read,,,,0,0
55566545,"Payback's a Witch (The Witches of Thistle Grove, #1)",Lana Harper,"Harper, Lana",,"=""0593336062""","=""9780593336069""",0,3.62,Berkley,Paperback,352,2021,2021,,2021/12/20,to-read,to-read (#16),to-read,,,,0,0
68428,"The Final Empire (Mistborn, #1)",Brandon Sanderson,"Sanderson, Brandon",,"=""""","=""9780765311788""",0,4.48,Tor Books,Hardcover,537,2006,2006,,2021/12/20,to-read,to-read (#15),to-read,,,,0,0
17182126,"Steelheart (The Reckoners, #1)",Brandon Sanderson,"Sanderson, Brandon",,"=""0385743564""","=""9780385743563""",0,4.14,Delacorte Press,Hardcover,386,2013,2013,,2021/12/20,to-read,to-read (#14),to-read,,,,0,0
53205888,Under the Whispering Door,T.J. Klune,"Klune, T.J.",,"=""1250217342""","=""9781250217349""",0,4.16,Tor Books,Hardcover,384,2021,2021,,2021/12/20,to-read,to-read (#13),to-read,,,,0,0
22055262,"A Darker Shade of Magic (Shades of Magic, #1)",V.E. Schwab,"Schwab, V.E.",,"=""0765376458""","=""9780765376459""",0,4.06,Tor,Hardcover,400,2015,2015,,2021/12/20,to-read,to-read (#12),to-read,,,,0,0
48727813,"She Who Became the Sun (The Radiant Emperor, #1)",Shelley Parker-Chan,"Parker-Chan, Shelley",,"=""""","=""""",0,3.88,Tor Books,Kindle Edition,416,2021,2021,,2021/12/20,to-read,to-read (#11),to-read,,,,0,0
49504061,The Once and Future Witches,Alix E. Harrow,"Harrow, Alix E.",,"=""0316422045""","=""9780316422048""",0,4.05,Redhook,Hardcover,517,2020,2020,,2021/12/20,to-read,to-read (#10),to-read,,,,0,0
53438195,The Witch's Heart,Genevieve Gornichec,"Gornichec, Genevieve",,"=""059309994X""","=""9780593099940""",0,4.06,Ace,Hardcover,359,2021,2021,,2021/12/20,to-read,to-read (#9),to-read,,,,0,0
13623848,The Song of Achilles,Madeline Miller,"Miller, Madeline",,"=""""","=""""",0,4.34,Ecco,Paperback,408,2012,2011,,2021/12/20,to-read,to-read (#8),to-read,,,,0,0
35959740,Circe,Madeline Miller,"Miller, Madeline",,"=""0316556343""","=""9780316556347""",0,4.24,"Little, Brown and Company",Hardcover,393,2018,2018,,2021/12/20,to-read,to-read (#7),to-read,,,,0,0
53288434,The Lost Apothecary,Sarah Penner,"Penner, Sarah",,"=""0778311015""","=""9780778311010""",0,3.75,Park Row,Hardcover,301,2021,2021,,2021/12/20,to-read,to-read (#6),to-read,,,,0,0
35796008,"Dance of Thieves (Dance of Thieves, #1)",Mary E. Pearson,"Pearson, Mary E.",,"=""1250159016""","=""9781250159014""",0,4.16,Henry Holt and Co. (BYR),Hardcover,512,2018,2018,,2021/12/20,to-read,to-read (#5),to-read,,,,0,0
36307674,"Rule of Wolves (King of Scars, #2)",Leigh Bardugo,"Bardugo, Leigh",,"=""1510109188""","=""9781510109186""",0,4.37,Orion Children's Books,Paperback,592,2021,2021,,2021/12/20,to-read,to-read (#4),to-read,,,,0,0
36307634,"King of Scars (King of Scars, #1)",Leigh Bardugo,"Bardugo, Leigh",,"=""""","=""""",0,4.16,Imprint,Kindle Edition,527,2019,2019,,2021/12/20,to-read,to-read (#3),to-read,,,,0,0
22299763,"Crooked Kingdom (Six of Crows, #2)",Leigh Bardugo,"Bardugo, Leigh",,"=""""","=""""",0,4.60,Orion Children's Books,Kindle Edition,561,2016,2016,,2021/12/20,to-read,to-read (#2),to-read,,,,0,0
23437156,"Six of Crows (Six of Crows, #1)",Leigh Bardugo,"Bardugo, Leigh",,"=""""","=""""",0,4.49,Henry Holt & Company,Hardcover,465,2015,2015,,2021/12/20,to-read,to-read (#1),to-read,,,,0,0
43605068,No One Returns from the Enchanted Forest,Robin Robinson,"Robinson, Robin",,"=""""","=""""",4,3.98,First Second,Paperback,240,2021,2021,2021/12/20,2021/12/20,,,read,,,,1,0
43822757,"The Okay Witch (The Okay Witch, #1)",Emma Steinkellner,"Steinkellner, Emma",,"=""1534431454""","=""9781534431454""",4,4.17,Aladdin,Paperback,272,2019,2019,2021/12/20,2021/12/20,,,read,,,,1,0
53287484,"Midnight Sun (The Twilight Saga, #5)",Stephenie Meyer,"Meyer, Stephenie",,"=""031670704X""","=""9780316707046""",3,3.73,"Little, Brown Books for Young Readers",Hardcover,756,2020,2020,2020/01/01,2021/12/20,,,read,,,,1,0
28110852,The Girl Who Drank the Moon,Kelly Barnhill,"Barnhill, Kelly",,"=""1616205679""","=""9781616205676""",5,4.12,Algonquin Young Readers,Hardcover,388,2016,2016,2020/01/01,2021/12/20,,,read,,,,1,0
22544764,Uprooted,Naomi Novik,"Novik, Naomi",,"=""0804179034""","=""9780804179034""",5,4.04,Del Rey,Hardcover,438,2015,2015,2019/01/01,2021/12/20,,,read,,,,1,0
58517502,"Believe Me (Shatter Me, #6.5)",Tahereh Mafi,"Mafi, Tahereh",,"=""0063228319""","=""9780063228313""",4,4.17,HarperCollins,Paperback,177,2021,2021,2021/12/20,2021/12/20,,,read,,,,1,0
43514655,"Reveal Me (Shatter Me, #5.5)",Tahereh Mafi,"Mafi, Tahereh",,"=""""","=""""",4,3.98,HarperCollins,Kindle Edition,112,2019,2019,2021/12/20,2021/12/20,,,read,,,,1,0
40863452,"Shadow Me (Shatter Me, #4.5)",Tahereh Mafi,"Mafi, Tahereh",,"=""0062906267""","=""9780062906267""",4,4.02,HarperCollins,ebook,112,2019,2019,2021/12/20,2021/12/20,,,read,,,,1,0
44054122,"Imagine Me (Shatter Me, #6)",Tahereh Mafi,"Mafi, Tahereh",,"=""006267644X""","=""9780062676443""",4,3.99,HarperCollins,ebook,450,2020,2020,2021/12/20,2021/12/20,,,read,,,,1,0
17331518,"Fracture Me (Shatter Me, #2.5)",Tahereh Mafi,"Mafi, Tahereh",,"=""0062284835""","=""9780062284839""",4,3.37,HarperCollins,ebook,72,2013,2013,2021/12/20,2021/12/20,,,read,,,,1,0
34992959,"Defy Me (Shatter Me, #5)",Tahereh Mafi,"Mafi, Tahereh",,"=""0062676393""","=""9780062676399""",4,4.29,HarperTeen,Hardcover,357,2019,2019,2021/12/20,2021/12/20,,,read,,,,1,0
34992929,"Restore Me (Shatter Me, #4)",Tahereh Mafi,"Mafi, Tahereh",,"=""0062676369""","=""9780062676368""",4,4.17,HarperCollins,Hardcover,435,2018,2018,2021/12/20,2021/12/20,,,read,,,,1,0
13623150,"Destroy Me (Shatter Me, #1.5)",Tahereh Mafi,"Mafi, Tahereh",,"=""0062208195""","=""9780062208194""",4,4.02,Harper,ebook,111,2012,2012,2021/12/20,2021/12/20,,,read,,,,1,0
13188676,"Ignite Me (Shatter Me, #3)",Tahereh Mafi,"Mafi, Tahereh",,"=""""","=""""",4,4.47,HarperCollins ,Kindle Edition,421,2014,2014,2021/12/20,2021/12/20,,,read,,,,1,0
13104080,"Unravel Me (Shatter Me, #2)",Tahereh Mafi,"Mafi, Tahereh",,"=""0062085530""","=""9780062085535""",4,4.15,HarperCollins ,Hardcover,461,2013,2013,2021/12/20,2021/12/20,,,read,,,,1,0
10429045,"Shatter Me (Shatter Me, #1)",Tahereh Mafi,"Mafi, Tahereh",,"=""0062085484""","=""9780062085481""",4,3.87,Harper,Hardcover,338,2011,2011,2021/12/20,2021/12/20,,,read,,,,1,0
41951615,"The Empire of Dreams (Fire and Thorns, #4)",Rae Carson,"Carson, Rae",,"=""0062691929""","=""9780062691927""",5,4.13,Greenwillow Books,ebook,448,2020,2020,2021/12/20,2021/12/20,,,read,,,,1,0
11431896,"The Bitter Kingdom (Fire and Thorns, #3)",Rae Carson,"Carson, Rae",,"=""0062026542""","=""9780062026545""",5,4.20,Greenwillow Books,Hardcover,433,2013,2013,2021/12/20,2021/12/20,,,read,,,,1,0
10816908,"The Crown of Embers (Fire and Thorns, #2)",Rae Carson,"Carson, Rae",,"=""0062026518""","=""9780062026514""",5,4.17,Greenwillow Books,Hardcover,410,2012,2012,2021/12/20,2021/12/20,,,read,,,,1,0
10429092,"The Girl of Fire and Thorns (Fire and Thorns, #1)",Rae Carson,"Carson, Rae",,"=""0062026488""","=""9780062026484""",5,3.78,Greenwillow,Hardcover,423,2011,2011,2021/12/20,2021/12/20,,,read,,,,1,0
14061957,"Ruin and Rising (The Shadow and Bone Trilogy, #3)",Leigh Bardugo,"Bardugo, Leigh",,"=""""","=""""",2,4.00,Henry Holt and Company,Hardcover,350,2014,2014,2021/12/20,2021/12/20,,,read,,,,1,0
14061955,"Siege and Storm (The Shadow and Bone Trilogy, #2)",Leigh Bardugo,"Bardugo, Leigh",,"=""""","=""""",2,3.82,Henry Holt and Company,Hardcover,435,2013,2013,2021/12/20,2021/12/20,,,read,,,,1,0
10194157,"Shadow and Bone (The Shadow and Bone Trilogy, #1)",Leigh Bardugo,"Bardugo, Leigh",,"=""""","=""""",3,3.94,Henry Holt & Company,Hardcover,358,2012,2012,2021/12/20,2021/12/20,,,read,,,,1,0
50623864,The Invisible Life of Addie LaRue,V.E. Schwab,"Schwab, V.E.",,"=""0765387565""","=""9780765387561""",3,4.20,Tor Books,Hardcover,448,2020,2020,2021/12/20,2021/12/20,,,read,,,,1,0
45047384,"The House in the Cerulean Sea (The House in the Cerulean Sea, #1)",T.J. Klune,"Klune, T.J.",,"=""""","=""""",5,4.42,Tor Books,Kindle Edition,394,2020,2020,2021/12/20,2021/12/20,,,read,,,,1,0
41150487,"Red, White & Royal Blue",Casey McQuiston,"McQuiston, Casey",,"=""""","=""""",4,4.10,St. Martin's Griffin,Paperback,423,2019,2019,2021/12/20,2021/12/20,,,read,,,,1,0
23766634,"A Court of Wings and Ruin (A Court of Thorns and Roses, #3)",Sarah J. Maas,"Maas, Sarah J.",,"=""1408857901""","=""9781408857908""",5,4.46,Bloomsbury Publishing,Paperback,705,2017,2017,2021/12/20,2021/12/20,,,read,,,,1,0
17927395,"A Court of Mist and Fury (A Court of Thorns and Roses, #2)",Sarah J. Maas,"Maas, Sarah J.",,"=""""","=""""",5,4.64,Bloomsbury USA Childrens,Kindle Edition,626,2016,2016,2021/12/20,2021/12/20,,,read,,,,1,0
16096824,"A Court of Thorns and Roses (A Court of Thorns and Roses, #1)",Sarah J. Maas,"Maas, Sarah J.",,"=""1619634449""","=""9781619634442""",5,4.20,Bloomsbury USA Childrens,Hardcover,432,2015,2015,2021/12/20,2021/12/20,,,read,,,,1,0
